delivery_date,sku_id,total_qty,Date,Open,High,Low,Close
4/1/2021,BK-1216,121,4/1/2021,2846.199951,2861.209961,2836.25,2858.899902
5/1/2021,BK-1216,75,5/1/2021,2842.060059,2859.679932,2832.040039,2859.679932
6/1/2021,BK-1216,79,6/1/2021,2858.530029,2865.040039,2852.320068,2863.01001
7/1/2021,BK-1216,68,7/1/2021,2892.330078,2912.699951,2884.179932,2906.969971
8/1/2021,BK-1216,72,8/1/2021,2935.179932,2993.189941,2933.709961,2993.189941
9/1/2021,BK-1216,139,0,0,0,0,0
10/1/2021,BK-1216,0,0,0,0,0,0
11/1/2021,BK-1216,116,11/1/2021,2983.5,2993.159912,2971.929932,2983.899902
12/1/2021,BK-1216,34,12/1/2021,2975.149902,2983.659912,2968.899902,2977.169922
13/1/2021,BK-1216,0,13/1/2021,2982.159912,2994.790039,2977.51001,2977.51001
14/1/2021,BK-1216,0,14/1/2021,2982,3001.340088,2979.379883,3000
15/1/2021,BK-1216,0,15/1/2021,2995.850098,3012.530029,2991.76001,3004.870117
16/1/2021,BK-1216,0,0,0,0,0,0
17/1/2021,BK-1216,2,0,0,0,0,0
18/1/2021,BK-1216,116,18/1/2021,2995.72998,2990.399902,2990.399902,2990.399902
19/1/2021,BK-1216,81,19/1/2021,2996.639893,3007.98999,2990.929932,2995.919922
20/1/2021,BK-1216,92,20/1/2021,2995.699951,3001.139893,2985.709961,2998.77002
21/1/2021,BK-1216,65,21/1/2021,3004.159912,3017.149902,2997.689941,3017.149902
22/1/2021,BK-1216,65,22/1/2021,3009.02002,3009.129883,2981.179932,2991.530029
23/1/2021,BK-1216,167,0,0,0,0,0
24/1/2021,BK-1216,2,0,0,0,0,0
25/1/2021,BK-1216,115,25/1/2021,2998.040039,3004.969971,2971.070068,2973.649902
26/1/2021,BK-1216,73,26/1/2021,2967.629883,2968.97998,2935.649902,2945.52002
27/1/2021,BK-1216,96,27/1/2021,2952.469971,2967.780029,2948.709961,2958.629883
28/1/2021,BK-1216,78,28/1/2021,2924.47998,2930.75,2911.75,2920.300049
29/1/2021,BK-1216,72,29/1/2021,2941.580078,2950.75,2887.199951,2902.52002
30/1/2021,BK-1216,167,0,0,0,0,0
31/1/2021,BK-1216,1,0,0,0,0,0
1/2/2021,BK-1216,110,1/2/2021,2888.75,2901.780029,2873.77002,2896.320068
2/2/2021,BK-1216,72,2/2/2021,2906.199951,2918.850098,2902.01001,2917.290039
3/2/2021,BK-1216,85,3/2/2021,2932.719971,2939.350098,2927.050049,2927.469971
4/2/2021,BK-1216,80,4/2/2021,2933.080078,2936.590088,2884.73999,2905.580078
5/2/2021,BK-1216,75,5/2/2021,2916.060059,2917.590088,2903.370117,2907.110107
6/2/2021,BK-1216,159,0,0,0,0,0
7/2/2021,BK-1216,2,0,0,0,0,0
8/2/2021,BK-1216,111,8/2/2021,2909.800049,2938.149902,2908.179932,2931.399902
9/2/2021,BK-1216,74,9/2/2021,2946.199951,2959.659912,2924.800049,2935.27002
10/2/2021,BK-1216,101,10/2/2021,2936.100098,2938.209961,2919.97998,2925.840088
11/2/2021,BK-1216,99,11/2/2021,2915.97998,2926.340088,2914.899902,2925.47998
12/2/2021,BK-1216,93,0,0,0,0,0
13/2/2021,BK-1216,209,0,0,0,0,0
14/2/2021,BK-1216,3,0,0,0,0,0
15/2/2021,BK-1216,103,15/2/2021,2929.939941,2946.219971,2929.060059,2931.52002
16/2/2021,BK-1216,51,16/2/2021,2935.580078,2945.290039,2932.199951,2935.340088
17/2/2021,BK-1216,72,17/2/2021,2913.810059,2928.25,2909.540039,2920.429932
18/2/2021,BK-1216,56,18/2/2021,2917.929932,2921.709961,2901.090088,2908.850098
19/2/2021,BK-1216,70,19/2/2021,2896.909912,2880.639893,2880.639893,2880.639893
20/2/2021,BK-1216,159,0,0,0,0,0
21/2/2021,BK-1216,0,0,0,0,0,0
22/2/2021,BK-1216,101,22/2/2021,2888.290039,2897.530029,2876.889893,2881.209961
23/2/2021,BK-1216,51,23/2/2021,2879.639893,2905.219971,2875.899902,2890.699951
24/2/2021,BK-1216,65,24/2/2021,2897.719971,2935.76001,2896.570068,2924.580078
25/2/2021,BK-1216,68,25/2/2021,2951.030029,2976.360107,2949.620117,2973.540039
26/2/2021,BK-1216,51,26/2/2021,2923.22998,2951.290039,2921.100098,2949.040039
27/2/2021,BK-1216,161,0,0,0,0,0
28/2/2021,BK-1216,1,0,0,0,0,0
1/3/2021,BK-1216,125,1/3/2021,2948.689941,2981.5,2948.639893,2973
2/3/2021,BK-1216,66,2/3/2021,2989.800049,3000.060059,2970.919922,2973.870117
3/3/2021,BK-1216,89,3/3/2021,2991.120117,3000.439941,2980.679932,3000.370117
4/3/2021,BK-1216,79,4/3/2021,2987.659912,3015.870117,2981.340088,3014.780029
5/3/2021,BK-1216,93,5/3/2021,3005.899902,3028.439941,2992.22998,3013.850098
6/3/2021,BK-1216,183,0,0,0,0,0
7/3/2021,BK-1216,2,0,0,0,0,0
8/3/2021,BK-1216,111,8/3/2021,3075.159912,3079.97998,3060.580078,3071.159912
9/3/2021,BK-1216,87,9/3/2021,3091.790039,3116.310059,3091.790039,3108.530029
10/3/2021,BK-1216,79,10/3/2021,3106.939941,3108.290039,3072.530029,3079.719971
11/3/2021,BK-1216,76,11/3/2021,3086.73999,3113.929932,3082.159912,3106.01001
12/3/2021,BK-1216,89,12/3/2021,3112.570068,3115.25,3089.439941,3095.219971
13/3/2021,BK-1216,175,0,0,0,0,0
14/3/2021,BK-1216,3,0,0,0,0,0
15/3/2021,BK-1216,114,15/3/2021,3109.320068,3118.909912,3097.01001,3106
16/3/2021,BK-1216,69,16/3/2021,3111.810059,3105.51001,3105.51001,3105.51001
17/3/2021,BK-1216,95,17/3/2021,3102.780029,3109.649902,3109.649902,3109.649902
18/3/2021,BK-1216,83,18/3/2021,3132.100098,3147.669922,3130.649902,3137.659912
19/3/2021,BK-1216,83,19/3/2021,3131.73999,3148.97998,3127.840088,3134.540039
20/3/2021,BK-1216,179,0,0,0,0,0
21/3/2021,BK-1216,2,0,0,0,0,0
22/3/2021,BK-1216,117,22/3/2021,3130.689941,3149.01001,3123.959961,3128.080078
23/3/2021,BK-1216,69,23/3/2021,3124.409912,3148.48999,3120.919922,3131.73999
24/3/2021,BK-1216,88,24/3/2021,3127.120117,3136.919922,3121.600098,3133.310059
25/3/2021,BK-1216,83,25/3/2021,3120.580078,3141.709961,3141.709961,3141.709961
26/3/2021,BK-1216,86,26/3/2021,3152.290039,3157.949951,3157.949951,3157.949951
27/3/2021,BK-1216,159,0,0,0,0,0
28/3/2021,BK-1216,2,0,0,0,0,0
29/3/2021,BK-1216,113,29/3/2021,3165.97998,3183.929932,3160.879883,3175.570068
30/3/2021,BK-1216,62,30/3/2021,3201.629883,3204.23999,3187.919922,3190.889893
31/3/2021,BK-1216,77,31/3/2021,3200.350098,3200.48999,3165.340088,3165.340088
1/4/2021,BK-1216,104,1/4/2021,3187.169922,3188.449951,3170.219971,3181.679932
2/4/2021,BK-1216,105,0,0,0,0,0
3/4/2021,BK-1216,192,0,0,0,0,0
4/4/2021,BK-1216,7,0,0,0,0,0
5/4/2021,BK-1216,118,5/4/2021,3205.909912,3212.48999,3203.649902,3209.73999
6/4/2021,BK-1216,63,6/4/2021,3219.679932,3207.629883,3207.629883,3207.629883
7/4/2021,BK-1216,90,7/4/2021,3215.219971,3195.76001,3195.76001,3195.76001
8/4/2021,BK-1216,92,8/4/2021,3186.399902,3201.830078,3184.540039,3186.399902
9/4/2021,BK-1216,81,9/4/2021,3189.800049,3184.540039,3184.540039,3184.540039
10/4/2021,BK-1216,197,0,0,0,0,0
11/4/2021,BK-1216,6,0,0,0,0,0
12/4/2021,BK-1216,141,12/4/2021,3175.72998,3182.300049,3160.76001,3173.929932
13/4/2021,BK-1216,71,13/4/2021,3187.899902,3192.610107,3174.310059,3187.899902
14/4/2021,BK-1216,78,14/4/2021,3188.409912,3179.389893,3179.389893,3179.389893
15/4/2021,BK-1216,68,15/4/2021,3189.159912,3189.709961,3176.080078,3184.77002
16/4/2021,BK-1216,74,16/4/2021,3184.649902,3203.560059,3184.310059,3201.76001
17/4/2021,BK-1216,146,0,0,0,0,0
18/4/2021,BK-1216,5,0,0,0,0,0
19/4/2021,BK-1216,93,19/4/2021,3209.719971,3214.929932,3200.719971,3209.719971
20/4/2021,BK-1216,79,20/4/2021,3207.98999,3211,3187.399902,3192.169922
21/4/2021,BK-1216,87,21/4/2021,3163.47998,3172.870117,3145.280029,3155.060059
22/4/2021,BK-1216,92,22/4/2021,3171.780029,3187.780029,3187.780029,3187.780029
23/4/2021,BK-1216,88,23/4/2021,3172.679932,3194.040039,3194.040039,3194.040039
24/4/2021,BK-1216,184,0,0,0,0,0
25/4/2021,BK-1216,3,0,0,0,0,0
26/4/2021,BK-1216,118,26/4/2021,3187.719971,3211.540039,3183.370117,3204.899902
27/4/2021,BK-1216,66,27/4/2021,3203.659912,3219.97998,3200.620117,3214.429932
28/4/2021,BK-1216,86,28/4/2021,3219.560059,3220.27002,3205.5,3219.560059
29/4/2021,BK-1216,86,29/4/2021,3221.580078,3235.719971,3218.070068,3221.580078
30/4/2021,BK-1216,72,30/4/2021,3218.899902,3218.27002,3218.27002,3218.27002
1/5/2021,BK-1216,217,0,0,0,0,0
2/5/2021,BK-1216,2,0,0,0,0,0
3/5/2021,BK-1216,126,3/5/2021,3221.790039,3221.939941,3165.77002,3184.76001
4/5/2021,BK-1216,69,4/5/2021,3183.080078,3186,3168.560059,3179.129883
5/5/2021,BK-1216,81,5/5/2021,3157.199951,3153.590088,3153.590088,3153.590088
6/5/2021,BK-1216,73,6/5/2021,3173,3178.23999,3157.879883,3173
7/5/2021,BK-1216,90,7/5/2021,3177.98999,3204.399902,3173.209961,3200.26001
8/5/2021,BK-1216,178,0,0,0,0,0
9/5/2021,BK-1216,2,0,0,0,0,0
10/5/2021,BK-1216,115,10/5/2021,3203.850098,3206.23999,3177.600098,3182.409912
11/5/2021,BK-1216,78,11/5/2021,3144.27002,3166.590088,3137.459961,3144.27002
12/5/2021,BK-1216,102,12/5/2021,3126.5,3142.600098,3115.75,3123.26001
13/5/2021,BK-1216,115,0,0,0,0,0
14/5/2021,BK-1216,95,14/5/2021,3105.73999,3121.26001,3023.949951,3055.02002
15/5/2021,BK-1216,164,0,0,0,0,0
16/5/2021,BK-1216,3,0,0,0,0,0
17/5/2021,BK-1216,96,17/5/2021,3079.689941,3087.199951,3027.379883,3079.689941
18/5/2021,BK-1216,96,18/5/2021,3100.899902,3142.629883,3142.629883,3142.629883
19/5/2021,BK-1216,80,19/5/2021,3124.949951,3133.120117,3100.949951,3104.209961
20/5/2021,BK-1216,71,20/5/2021,3114.419922,3109.810059,3109.810059,3109.810059
21/5/2021,BK-1216,88,21/5/2021,3126.75,3117.889893,3117.889893,3117.889893
22/5/2021,BK-1216,207,0,0,0,0,0
23/5/2021,BK-1216,1,0,0,0,0,0
24/5/2021,BK-1216,122,24/5/2021,3132.209961,3123.610107,3123.610107,3123.610107
25/5/2021,BK-1216,78,25/5/2021,3132.27002,3149.389893,3132.219971,3146.090088
26/5/2021,BK-1216,103,0,0,0,0,0
27/5/2021,BK-1216,99,27/5/2021,3139.929932,3171.719971,3135.370117,3164.820068
28/5/2021,BK-1216,92,28/5/2021,3183.570068,3178.550049,3178.550049,3178.550049
29/5/2021,BK-1216,169,0,0,0,0,0
30/5/2021,BK-1216,5,0,0,0,0,0
31/5/2021,BK-1216,100,31/5/2021,3184.530029,3193.610107,3157.399902,3164.280029
1/6/2021,BK-1216,100,1/6/2021,3176.709961,3188,3162.649902,3187.22998
2/6/2021,BK-1216,82,2/6/2021,3183.340088,3186.97998,3153.830078,3161.040039
3/6/2021,BK-1216,102,3/6/2021,3168.800049,3177.100098,3159.600098,3165
4/6/2021,BK-1216,87,4/6/2021,3151.040039,3171.449951,3145.790039,3151.040039
5/6/2021,BK-1216,173,0,0,0,0,0
6/6/2021,BK-1216,1,0,0,0,0,0
7/6/2021,BK-1216,116,7/6/2021,3169.689941,3179.780029,3165.76001,3175.810059
8/6/2021,BK-1216,73,8/6/2021,3177.320068,3181.360107,3157.320068,3167.139893
9/6/2021,BK-1216,62,9/6/2021,3167.01001,3169.080078,3153.469971,3153.469971
10/6/2021,BK-1216,67,10/6/2021,3157.419922,3162.5,3162.5,3162.5
11/6/2021,BK-1216,59,11/6/2021,3157.969971,3172.570068,3155.159912,3157.969971
12/6/2021,BK-1216,149,0,0,0,0,0
13/6/2021,BK-1216,1,0,0,0,0,0
14/6/2021,BK-1216,103,14/6/2021,3153.139893,3160.350098,3149.939941,3153.139893
15/6/2021,BK-1216,56,15/6/2021,3174.870117,3182.75,3159.199951,3174.870117
16/6/2021,BK-1216,63,16/6/2021,3173.719971,3174.790039,3139.570068,3139.570068
17/6/2021,BK-1216,73,17/6/2021,3128.610107,3138.310059,3138.310059,3138.310059
18/6/2021,BK-1216,83,18/6/2021,3129.340088,3144.159912,3125.669922,3144.159912
19/6/2021,BK-1216,172,0,0,0,0,0
20/6/2021,BK-1216,1,0,0,0,0,0
21/6/2021,BK-1216,124,21/6/2021,3113.449951,3117.870117,3117.870117,3117.870117
22/6/2021,BK-1216,82,22/6/2021,3125.709961,3109.199951,3109.199951,3109.199951
23/6/2021,BK-1216,85,23/6/2021,3116.709961,3118.620117,3118.620117,3118.620117
24/6/2021,BK-1216,67,24/6/2021,3119.909912,3119.620117,3119.620117,3119.620117
25/6/2021,BK-1216,77,25/6/2021,3128.800049,3121.600098,3121.600098,3121.600098
26/6/2021,BK-1216,173,0,0,0,0,0
27/6/2021,BK-1216,8,0,0,0,0,0
28/6/2021,BK-1216,95,28/6/2021,3133.870117,3126.879883,3126.879883,3126.879883
29/6/2021,BK-1216,63,29/6/2021,3120.439941,3089.48999,3089.48999,3089.48999
30/6/2021,BK-1216,68,30/6/2021,3101.5,3130.459961,3130.459961,3130.459961
1/7/2021,BK-1216,89,1/7/2021,3124.189941,3147.879883,3123.47998,3124.189941
2/7/2021,BK-1216,85,2/7/2021,3139.550049,3128.949951,3128.949951,3128.949951
3/7/2021,BK-1216,163,0,0,0,0,0
4/7/2021,BK-1216,3,0,0,0,0,0
5/7/2021,BK-1216,96,5/7/2021,3126.620117,3141.02002,3141.02002,3141.02002
6/7/2021,BK-1216,59,6/7/2021,3147.820068,3195.25,3147.77002,3190.590088
7/7/2021,BK-1216,94,7/7/2021,3174.889893,3141.600098,3141.600098,3141.600098
8/7/2021,BK-1216,77,8/7/2021,3140.070068,3107.590088,3107.590088,3107.590088
9/7/2021,BK-1216,86,9/7/2021,3097.560059,3131.399902,3131.399902,3131.399902
10/7/2021,BK-1216,160,0,0,0,0,0
11/7/2021,BK-1216,1,0,0,0,0,0
12/7/2021,BK-1216,100,12/7/2021,3147.139893,3161.209961,3135.189941,3147.139893
13/7/2021,BK-1216,79,13/7/2021,3170.389893,3166.810059,3166.810059,3166.810059
14/7/2021,BK-1216,103,14/7/2021,3165.580078,3153.149902,3153.149902,3153.149902
15/7/2021,BK-1216,77,15/7/2021,3152.129883,3139.97998,3139.97998,3139.97998
16/7/2021,BK-1216,84,16/7/2021,3138.25,3152.300049,3152.300049,3152.300049
17/7/2021,BK-1216,188,0,0,0,0,0
18/7/2021,BK-1216,5,0,0,0,0,0
19/7/2021,BK-1216,137,19/7/2021,3114.76001,3128.080078,3109.280029,3111.199951
20/7/2021,BK-1216,109,0,0,0,0,0
21/7/2021,BK-1216,106,21/7/2021,3124.98999,3119,3119,3119
22/7/2021,BK-1216,69,22/7/2021,3133.050049,3159.26001,3159.26001,3159.26001
23/7/2021,BK-1216,59,23/7/2021,3161.219971,3157.050049,3157.050049,3157.050049
24/7/2021,BK-1216,159,0,0,0,0,0
25/7/2021,BK-1216,6,0,0,0,0,0
26/7/2021,BK-1216,107,26/7/2021,3138.969971,3160.439941,3127.780029,3138.969971
27/7/2021,BK-1216,76,27/7/2021,3149.699951,3138.810059,3138.810059,3138.810059
28/7/2021,BK-1216,90,28/7/2021,3150.870117,3141.75,3141.75,3141.75
29/7/2021,BK-1216,87,29/7/2021,3166.52002,3180.610107,3180.610107,3180.610107
30/7/2021,BK-1216,87,30/7/2021,3169.75,3166.939941,3166.939941,3166.939941
31/7/2021,BK-1216,176,0,0,0,0,0
1/8/2021,BK-1216,11,0,0,0,0,0
2/8/2021,BK-1216,118,2/8/2021,3176.419922,3161.219971,3161.219971,3161.219971
3/8/2021,BK-1216,97,3/8/2021,3149.25,3154.209961,3126.179932,3149.25
4/8/2021,BK-1216,126,4/8/2021,3154.600098,3182.899902,3182.899902,3182.899902
5/8/2021,BK-1216,92,5/8/2021,3186.649902,3175.100098,3175.100098,3175.100098
6/8/2021,BK-1216,101,6/8/2021,3175,3183.120117,3167.48999,3177.179932
7/8/2021,BK-1216,205,0,0,0,0,0
8/8/2021,BK-1216,8,0,0,0,0,0
9/8/2021,BK-1216,161,0,0,0,0,0
10/8/2021,BK-1216,92,10/8/2021,3187.530029,3207.360107,3207.360107,3207.360107
11/8/2021,BK-1216,91,11/8/2021,3204.76001,3180,3180,3180
12/8/2021,BK-1216,73,12/8/2021,3190.22998,3182.800049,3182.800049,3182.800049
13/8/2021,BK-1216,72,13/8/2021,3167.030029,3165.48999,3165.48999,3165.48999
14/8/2021,BK-1216,186,0,0,0,0,0
15/8/2021,BK-1216,3,0,0,0,0,0
16/8/2021,BK-1216,104,16/8/2021,3139.22998,3145.52002,3145.52002,3145.52002
17/8/2021,BK-1216,59,17/8/2021,3138.580078,3118.51001,3118.51001,3118.51001
18/8/2021,BK-1216,83,18/8/2021,3117.280029,3158.25,3116.560059,3131.439941
19/8/2021,BK-1216,71,19/8/2021,3110.379883,3086.969971,3086.969971,3086.969971
20/8/2021,BK-1216,71,20/8/2021,3106.840088,3102.75,3102.75,3102.75
21/8/2021,BK-1216,156,0,0,0,0,0
22/8/2021,BK-1216,2,0,0,0,0,0
23/8/2021,BK-1216,113,23/8/2021,3087.560059,3118.080078,3087.159912,3087.560059
24/8/2021,BK-1216,63,24/8/2021,3105.23999,3107.620117,3107.620117,3107.620117
25/8/2021,BK-1216,74,25/8/2021,3121.360107,3107.48999,3107.48999,3107.48999
26/8/2021,BK-1216,50,26/8/2021,3114.600098,3109.419922,3109.419922,3109.419922
27/8/2021,BK-1216,80,27/8/2021,3089.909912,3080.77002,3080.77002,3080.77002
28/8/2021,BK-1216,173,0,0,0,0,0
29/8/2021,BK-1216,2,0,0,0,0,0
30/8/2021,BK-1216,114,30/8/2021,3092,3102.110107,3102.110107,3102.110107
31/8/2021,BK-1216,63,31/8/2021,3088.22998,3055.050049,3055.050049,3055.050049
1/9/2021,BK-1216,117,1/9/2021,3087.840088,3093.419922,3055.01001,3087.840088
2/9/2021,BK-1216,92,2/9/2021,3093.459961,3088.840088,3088.840088,3088.840088
3/9/2021,BK-1216,85,3/9/2021,3089.939941,3093.620117,3076.030029,3083.850098
4/9/2021,BK-1216,205,0,0,0,0,0
5/9/2021,BK-1216,2,0,0,0,0,0
6/9/2021,BK-1216,135,6/9/2021,3079.149902,3101.080078,3101.080078,3101.080078
7/9/2021,BK-1216,71,7/9/2021,3108.530029,3108.530029,3084.409912,3108.530029
8/9/2021,BK-1216,96,8/9/2021,3092.780029,3068.939941,3068.939941,3068.939941
9/9/2021,BK-1216,81,9/9/2021,3071.699951,3082.679932,3060.050049,3071.699951
10/9/2021,BK-1216,94,10/9/2021,3085.620117,3098.800049,3098.800049,3098.800049
11/9/2021,BK-1216,182,0,0,0,0,0
12/9/2021,BK-1216,2,0,0,0,0,0
13/9/2021,BK-1216,121,13/9/2021,3074.310059,3093.590088,3063.550049,3074.310059
14/9/2021,BK-1216,82,14/9/2021,3087.070068,3080.370117,3080.370117,3080.370117
15/9/2021,BK-1216,90,15/9/2021,3058.610107,3071.219971,3052.780029,3058.610107
16/9/2021,BK-1216,84,16/9/2021,3065.219971,3064.540039,3064.540039,3064.540039
17/9/2021,BK-1216,90,17/9/2021,3071.22998,3071.22998,3054.600098,3071.22998
18/9/2021,BK-1216,165,0,0,0,0,0
19/9/2021,BK-1216,6,0,0,0,0,0
20/9/2021,BK-1216,110,20/9/2021,3041.72998,3075.459961,3038.149902,3041.72998
21/9/2021,BK-1216,81,21/9/2021,3039.959961,3069.560059,3038.040039,3063.199951
22/9/2021,BK-1216,90,22/9/2021,3048.050049,3058.679932,3037.790039,3048.050049
23/9/2021,BK-1216,69,23/9/2021,3076.439941,3092.219971,3057.360107,3076.439941
24/9/2021,BK-1216,72,24/9/2021,3089.320068,3061.350098,3061.350098,3061.350098
25/9/2021,BK-1216,175,0,0,0,0,0
26/9/2021,BK-1216,2,0,0,0,0,0
27/9/2021,BK-1216,123,27/9/2021,3100.300049,3106.550049,3069.320068,3100.300049
28/9/2021,BK-1216,66,28/9/2021,3085.439941,3098.580078,3074.699951,3077.689941
29/9/2021,BK-1216,99,29/9/2021,3080.879883,3074.310059,3074.310059,3074.310059
30/9/2021,BK-1216,68,30/9/2021,3090.320068,3086.699951,3086.699951,3086.699951
1/10/2021,BK-1216,97,1/10/2021,3051.110107,3076.879883,3044.72998,3051.110107
2/10/2021,BK-1216,176,0,0,0,0,0
3/10/2021,BK-1216,10,0,0,0,0,0
4/10/2021,BK-1216,114,4/10/2021,3079.98999,3102.469971,3079.620117,3089.649902
5/10/2021,BK-1216,81,5/10/2021,3071.929932,3071.929932,3047.379883,3068.120117
6/10/2021,BK-1216,81,6/10/2021,3082.580078,3091.350098,3066.379883,3083.879883
7/10/2021,BK-1216,79,7/10/2021,3099.98999,3118.52002,3098.810059,3101.149902
8/10/2021,BK-1216,82,8/10/2021,3110.820068,3112.810059,3112.810059,3112.810059
9/10/2021,BK-1216,165,0,0,0,0,0
10/10/2021,BK-1216,7,0,0,0,0,0
11/10/2021,BK-1216,111,11/10/2021,3118.570068,3124.620117,3110.389893,3113.48999
12/10/2021,BK-1216,68,12/10/2021,3102.290039,3112.050049,3088.699951,3112.050049
13/10/2021,BK-1216,113,13/10/2021,3122.780029,3161.27002,3122.560059,3156.419922
14/10/2021,BK-1216,76,14/10/2021,3148.340088,3170.52002,3136.040039,3164.860107
15/10/2021,BK-1216,86,15/10/2021,3180.550049,3173.909912,3173.909912,3173.909912
16/10/2021,BK-1216,166,0,0,0,0,0
17/10/2021,BK-1216,5,0,0,0,0,0
18/10/2021,BK-1216,88,18/10/2021,3174.300049,3179,3163.110107,3173.820068
19/10/2021,BK-1216,66,19/10/2021,3195.449951,3205.639893,3185.389893,3199.01001
20/10/2021,BK-1216,87,20/10/2021,3212.669922,3213.330078,3191.889893,3198.080078
21/10/2021,BK-1216,77,21/10/2021,3203.919922,3188.5,3188.5,3188.5
22/10/2021,BK-1216,91,22/10/2021,3195.360107,3205.139893,3205.139893,3205.139893
23/10/2021,BK-1216,171,0,0,0,0,0
24/10/2021,BK-1216,5,0,0,0,0,0
25/10/2021,BK-1216,114,25/10/2021,3202.51001,3209.959961,3197.23999,3201.860107
26/10/2021,BK-1216,77,26/10/2021,3200.22998,3209.290039,3186.280029,3204.570068
27/10/2021,BK-1216,118,27/10/2021,3206.060059,3228.050049,3202.689941,3218.169922
28/10/2021,BK-1216,72,28/10/2021,3220.379883,3227.129883,3196.179932,3203.820068
29/10/2021,BK-1216,84,29/10/2021,3198.169922,3227.030029,3198.169922,3198.169922
30/10/2021,BK-1216,176,0,0,0,0,0
31/10/2021,BK-1216,2,0,0,0,0,0
1/11/2021,BK-1216,125,1/11/2021,3226.22998,3229.090088,3207.709961,3219.050049
2/11/2021,BK-1216,85,2/11/2021,3225.669922,3233,3213.26001,3232.370117
3/11/2021,BK-1216,122,3/11/2021,3234.280029,3236.860107,3216.860107,3219.689941
4/11/2021,BK-1216,102,0,0,0,0,0
5/11/2021,BK-1216,104,5/11/2021,3234.409912,3242.340088,3242.340088,3242.340088
6/11/2021,BK-1216,182,0,0,0,0,0
7/11/2021,BK-1216,2,0,0,0,0,0
8/11/2021,BK-1216,111,8/11/2021,3251.850098,3270.649902,3250.389893,3263.899902
9/11/2021,BK-1216,62,9/11/2021,3267.919922,3273.540039,3239.709961,3243.419922
10/11/2021,BK-1216,91,10/11/2021,3245.189941,3246,3218.310059,3231.320068
11/11/2021,BK-1216,100,11/11/2021,3219.679932,3238.580078,3207.320068,3238.070068
12/11/2021,BK-1216,95,12/11/2021,3244.090088,3248.379883,3226.169922,3228.449951
13/11/2021,BK-1216,181,0,0,0,0,0
14/11/2021,BK-1216,2,0,0,0,0,0
15/11/2021,BK-1216,121,15/11/2021,3228.439941,3241.850098,3222.469971,3240.580078
16/11/2021,BK-1216,78,16/11/2021,3232.050049,3246.25,3230.959961,3238.800049
17/11/2021,BK-1216,84,17/11/2021,3236.439941,3237.620117,3226.290039,3232.679932
18/11/2021,BK-1216,84,18/11/2021,3226.949951,3239.429932,3219.899902,3237.02002
19/11/2021,BK-1216,102,19/11/2021,3233.629883,3238.969971,3227.060059,3232.340088
20/11/2021,BK-1216,176,0,0,0,0,0
21/11/2021,BK-1216,2,0,0,0,0,0
22/11/2021,BK-1216,131,22/11/2021,3234.110107,3244.72998,3231.100098,3237.080078
23/11/2021,BK-1216,89,23/11/2021,3236.320068,3237.320068,3226.76001,3227.530029
24/11/2021,BK-1216,119,24/11/2021,3237.040039,3227.149902,3227.149902,3227.149902
25/11/2021,BK-1216,104,25/11/2021,3224.330078,3237.52002,3217.310059,3221.52002
26/11/2021,BK-1216,110,26/11/2021,3204.570068,3208.129883,3153.709961,3166.27002
27/11/2021,BK-1216,203,0,0,0,0,0
28/11/2021,BK-1216,2,0,0,0,0,0
29/11/2021,BK-1216,112,29/11/2021,3144.169922,3147.169922,3115.969971,3120.580078
30/11/2021,BK-1216,86,30/11/2021,3122.73999,3129.540039,3041.290039,3041.290039
1/12/2021,BK-1216,126,1/12/2021,3052.399902,3101.52002,3045.129883,3098.25
2/12/2021,BK-1216,103,2/12/2021,3068.149902,3100.550049,3065.909912,3092.110107
3/12/2021,BK-1216,104,3/12/2021,3083.26001,3109.639893,3080.290039,3101.929932
4/12/2021,BK-1216,220,0,0,0,0,0
5/12/2021,BK-1216,2,0,0,0,0,0
6/12/2021,BK-1216,127,6/12/2021,3103.959961,3135.649902,3103.959961,3116.320068
7/12/2021,BK-1216,76,7/12/2021,3123.26001,3138.409912,3120.439941,3134.659912
8/12/2021,BK-1216,112,8/12/2021,3138.199951,3140.75,3124.310059,3129.77002
9/12/2021,BK-1216,103,9/12/2021,3136.860107,3152.340088,3134.399902,3142.449951
10/12/2021,BK-1216,102,10/12/2021,3133.889893,3141.850098,3129.25,3135.610107
11/12/2021,BK-1216,213,0,0,0,0,0
12/12/2021,BK-1216,3,0,0,0,0,0
13/12/2021,BK-1216,124,13/12/2021,3156.600098,3161.949951,3119.949951,3119.949951
14/12/2021,BK-1216,83,14/12/2021,3117.120117,3128.800049,3114.429932,3121.090088
15/12/2021,BK-1216,111,15/12/2021,3116.850098,3120.550049,3106.629883,3114.879883
16/12/2021,BK-1216,97,16/12/2021,3114.189941,3137.310059,3113.050049,3128.800049
17/12/2021,BK-1216,123,17/12/2021,3122.919922,3134.98999,3111.629883,3111.629883
18/12/2021,BK-1216,218,0,0,0,0,0
19/12/2021,BK-1216,0,0,0,0,0,0
20/12/2021,BK-1216,133,20/12/2021,3093.22998,3098.48999,3068.209961,3072.969971
21/12/2021,BK-1216,77,21/12/2021,3083.73999,3101.75,3079.340088,3085.080078
22/12/2021,BK-1216,129,22/12/2021,3093.300049,3098.27002,3078.709961,3087.51001
23/12/2021,BK-1216,116,23/12/2021,3098.040039,3104.179932,3090.25,3096.810059
24/12/2021,BK-1216,151,24/12/2021,3101.669922,3110.76001,3098.98999,3108.280029
25/12/2021,BK-1216,252,0,0,0,0,0
26/12/2021,BK-1216,6,0,0,0,0,0
27/12/2021,BK-1216,153,27/12/2021,3107.629883,3113.550049,3104.23999,3104.23999
28/12/2021,BK-1216,55,28/12/2021,3110.820068,3128.919922,3108.929932,3128.409912
29/12/2021,BK-1216,84,29/12/2021,3135.389893,3140.52002,3132.870117,3138.02002
30/12/2021,BK-1216,104,30/12/2021,3132.360107,3137.860107,3126.550049,3126.639893
31/12/2021,BK-1216,97,31/12/2021,3127.110107,3139.73999,3123.679932,3123.679932
1/1/2022,BK-1216,256,0,0,0,0,0
2/1/2022,BK-1216,2,0,0,0,0,0
3/1/2022,BK-1216,140,3/1/2022,3130.47998,3138.27002,3127.600098,3134.25
4/1/2022,BK-1216,73,4/1/2022,3155.679932,3182.530029,3151.800049,3181.129883
5/1/2022,BK-1216,105,5/1/2022,3187.570068,3196.600098,3154.959961,3163.439941
6/1/2022,BK-1216,75,6/1/2022,3152.75,3186.330078,3144.810059,3184.300049
7/1/2022,BK-1216,104,7/1/2022,3199.669922,3209.399902,3190.610107,3205.26001
8/1/2022,BK-1216,200,0,0,0,0,0
9/1/2022,BK-1216,2,0,0,0,0,0
10/1/2022,BK-1216,121,10/1/2022,3211.26001,3241.409912,3209.300049,3227.050049
11/1/2022,BK-1216,90,11/1/2022,3231.340088,3249.070068,3222.560059,3246.370117
12/1/2022,BK-1216,93,12/1/2022,3261.26001,3263.649902,3242.590088,3254.97998
13/1/2022,BK-1216,80,13/1/2022,3262.26001,3262.370117,3247.389893,3257.300049
14/1/2022,BK-1216,100,14/1/2022,3264.73999,3282.409912,3262.360107,3281.969971
15/1/2022,BK-1216,182,0,0,0,0,0
16/1/2022,BK-1216,2,0,0,0,0,0
17/1/2022,BK-1216,108,17/1/2022,3284.48999,3297.790039,3279.330078,3287.949951
18/1/2022,BK-1216,95,18/1/2022,3295.080078,3299.639893,3273.459961,3280.040039
19/1/2022,BK-1216,97,19/1/2022,3281.840088,3297.870117,3273.959961,3283.939941
20/1/2022,BK-1216,86,20/1/2022,3282.909912,3298.090088,3269.449951,3294.820068
21/1/2022,BK-1216,86,21/1/2022,3291.280029,3298.939941,3281.580078,3294.860107
22/1/2022,BK-1216,192,0,0,0,0,0
23/1/2022,BK-1216,2,0,0,0,0,0
24/1/2022,BK-1216,111,24/1/2022,3268.189941,3294.219971,3266.149902,3283.350098
25/1/2022,BK-1216,94,25/1/2022,3264.110107,3267.550049,3235.169922,3247.76001
26/1/2022,BK-1216,110,26/1/2022,3253.810059,3280.47998,3250.209961,3271.570068
27/1/2022,BK-1216,104,27/1/2022,3257.219971,3262.570068,3240.560059,3260.030029
28/1/2022,BK-1216,117,28/1/2022,3261.050049,3272.590088,3245.149902,3246.330078
29/1/2022,BK-1216,237,0,0,0,0,0
30/1/2022,BK-1216,9,0,0,0,0,0
31/1/2022,BK-1216,217,31/1/2022,3250.550049,3276.310059,3245.669922,3249.590088
1/2/2022,BK-1216,132,0,0,0,0,0
2/2/2022,BK-1216,142,0,0,0,0,0
3/2/2022,BK-1216,117,3/2/2022,3302.22998,3327.110107,3290.290039,3315.98999
4/2/2022,BK-1216,95,4/2/2022,3315.370117,3332.919922,3309.52002,3331.409912
5/2/2022,BK-1216,187,0,0,0,0,0
6/2/2022,BK-1216,0,0,0,0,0,0
7/2/2022,BK-1216,121,7/2/2022,3328.639893,3366.47998,3327.629883,3366.47998
8/2/2022,BK-1216,58,8/2/2022,3380.02002,3411.51001,3373.040039,3401.73999
9/2/2022,BK-1216,93,9/2/2022,3397.050049,3420.040039,3394.030029,3420.040039
10/2/2022,BK-1216,74,10/2/2022,3420.629883,3435.679932,3403.949951,3428
11/2/2022,BK-1216,79,11/2/2022,3414.449951,3438.070068,3411.870117,3428.949951
12/2/2022,BK-1216,156,0,0,0,0,0
13/2/2022,BK-1216,0,0,0,0,0,0
14/2/2022,BK-1216,107,14/2/2022,3419.52002,3434.51001,3403.409912,3421.199951
15/2/2022,BK-1216,73,15/2/2022,3418.22998,3425.620117,3407.370117,3421.379883
16/2/2022,BK-1216,80,16/2/2022,3418.439941,3442.610107,3407.439941,3439.300049
17/2/2022,BK-1216,89,17/2/2022,3451.419922,3466.22998,3441.570068,3441.570068
18/2/2022,BK-1216,89,18/2/2022,3432.860107,3447.389893,3427.659912,3428.899902
19/2/2022,BK-1216,177,0,0,0,0,0
20/2/2022,BK-1216,0,0,0,0,0,0
21/2/2022,BK-1216,11,21/2/2022,3421.949951,3438.530029,3417.889893,3436.360107
22/2/2022,BK-1216,0,22/2/2022,3416.899902,3421.399902,3394.790039,3400.580078
23/2/2022,BK-1216,180,23/2/2022,3395.25,3401.120117,3391.179932,3393
24/2/2022,BK-1216,114,24/2/2022,3351.23999,3363.169922,3248.929932,3276.060059
25/2/2022,BK-1216,110,25/2/2022,3286.719971,3332.659912,3286.719971,3294.469971
26/2/2022,BK-1216,201,0,0,0,0,0
27/2/2022,BK-1216,3,0,0,0,0,0
28/2/2022,BK-1216,102,28/2/2022,3298.52002,3301.080078,3214.929932,3242.23999
1/3/2022,BK-1216,79,1/3/2022,3262.48999,3288.379883,3260.959961,3278.629883
2/3/2022,BK-1216,104,2/3/2022,3262.050049,3279.969971,3243.939941,3244.399902
3/3/2022,BK-1216,84,3/3/2022,3264.959961,3273.98999,3253.649902,3253.649902
4/3/2022,BK-1216,94,4/3/2022,3235.290039,3253.139893,3207.830078,3226.780029
5/3/2022,BK-1216,183,0,0,0,0,0
6/3/2022,BK-1216,0,0,0,0,0,0
7/3/2022,BK-1216,122,7/3/2022,3205.300049,3222.610107,3186.01001,3187.820068
8/3/2022,BK-1216,82,8/3/2022,3175.290039,3182.350098,3128.060059,3148.860107
9/3/2022,BK-1216,118,9/3/2022,3136.800049,3203.379883,3136.48999,3195.379883
10/3/2022,BK-1216,100,10/3/2022,3231.889893,3258.939941,3227.610107,3240.72998
11/3/2022,BK-1216,97,11/3/2022,3230.280029,3251.340088,3217.560059,3249.659912
12/3/2022,BK-1216,210,0,0,0,0,0
13/3/2022,BK-1216,2,0,0,0,0,0
14/3/2022,BK-1216,119,14/3/2022,3242.73999,3250.820068,3222,3232.030029
15/3/2022,BK-1216,88,15/3/2022,3236.469971,3265.899902,3227.879883,3236.040039
16/3/2022,BK-1216,127,16/3/2022,3276.469971,3298.139893,3262.149902,3290.899902
17/3/2022,BK-1216,106,17/3/2022,3341.030029,3345.919922,3294.780029,3322.709961
18/3/2022,BK-1216,115,18/3/2022,3333.22998,3346.370117,3313.870117,3330.629883
19/3/2022,BK-1216,212,0,0,0,0,0
20/3/2022,BK-1216,2,0,0,0,0,0
21/3/2022,BK-1216,121,21/3/2022,3345.860107,3355.51001,3355.51001,3355.51001
22/3/2022,BK-1216,87,22/3/2022,3349.540039,3365.600098,3343.419922,3350.169922
23/3/2022,BK-1216,112,23/3/2022,3359.919922,3370.800049,3357.47998,3364.26001
24/3/2022,BK-1216,96,24/3/2022,3353.219971,3402.139893,3351.52002,3399.699951
25/3/2022,BK-1216,78,25/3/2022,3397.360107,3421.969971,3396.77002,3413.689941
26/3/2022,BK-1216,208,0,0,0,0,0
27/3/2022,BK-1216,0,0,0,0,0,0
28/3/2022,BK-1216,120,28/3/2022,3412.550049,3433.570068,3408.340088,3431.98999
29/3/2022,BK-1216,100,29/3/2022,3442.199951,3456.090088,3413.350098,3433.899902
30/3/2022,BK-1216,119,30/3/2022,3448.72998,3448.810059,3431.870117,3442.610107
31/3/2022,BK-1216,80,31/3/2022,3443.169922,3449.530029,3408.52002,3408.52002
1/4/2022,BK-1216,121,1/4/2022,3403.929932,3425.370117,3399.47998,3419.110107
2/4/2022,BK-1216,188,0,0,0,0,0
3/4/2022,BK-1216,0,0,0,0,0,0
4/4/2022,BK-1216,131,4/4/2022,3418.719971,3424.790039,3414.820068,3416.969971
5/4/2022,BK-1216,74,5/4/2022,3426.090088,3445.01001,3425.929932,3445.01001
6/4/2022,BK-1216,67,6/4/2022,3432.669922,3445.899902,3419.560059,3422.949951
7/4/2022,BK-1216,50,7/4/2022,3402.780029,3415.340088,3395.560059,3404.22998
8/4/2022,BK-1216,75,8/4/2022,3400.52002,3402.629883,3374.340088,3383.280029
9/4/2022,BK-1216,155,0,0,0,0,0
10/4/2022,BK-1216,1,0,0,0,0,0
11/4/2022,BK-1216,108,11/4/2022,3368.179932,3374.850098,3349.25,3363.560059
12/4/2022,BK-1216,60,12/4/2022,3347.100098,3357.459961,3330.25,3330.25
13/4/2022,BK-1216,74,13/4/2022,3342.889893,3356.659912,3340.209961,3342.219971
14/4/2022,BK-1216,79,14/4/2022,3342.679932,3359.540039,3334.070068,3335.850098
15/4/2022,BK-1216,117,0,0,0,0,0
16/4/2022,BK-1216,179,0,0,0,0,0
17/4/2022,BK-1216,0,0,0,0,0,0
18/4/2022,BK-1216,112,18/4/2022,3327.159912,3330.300049,3303.070068,3303.070068
19/4/2022,BK-1216,68,19/4/2022,3320.530029,3344.659912,3307.129883,3307.129883
20/4/2022,BK-1216,86,20/4/2022,3324.77002,3344.790039,3322.409912,3335.320068
21/4/2022,BK-1216,76,21/4/2022,3345.149902,3359.620117,3337.040039,3348.459961
22/4/2022,BK-1216,96,22/4/2022,3325.889893,3365.209961,3312.969971,3361.110107
23/4/2022,BK-1216,173,0,0,0,0,0
24/4/2022,BK-1216,0,0,0,0,0,0
25/4/2022,BK-1216,121,25/4/2022,3334.530029,3356.659912,3329.77002,3339.590088
26/4/2022,BK-1216,82,26/4/2022,3343.149902,3350.439941,3322.050049,3322.050049
27/4/2022,BK-1216,100,27/4/2022,3313.080078,3322.850098,3308.030029,3320.669922
28/4/2022,BK-1216,92,28/4/2022,3315.75,3344.23999,3315.070068,3335.090088
29/4/2022,BK-1216,117,29/4/2022,3368.100098,3389.639893,3344.679932,3356.899902
30/4/2022,BK-1216,194,0,0,0,0,0
1/5/2022,BK-1216,0,0,0,0,0,0
2/5/2022,BK-1216,166,0,0,0,0,0
3/5/2022,BK-1216,106,0,0,0,0,0
4/5/2022,BK-1216,132,4/5/2022,3365.429932,3366.929932,3342.909912,3349.27002
5/5/2022,BK-1216,56,5/5/2022,3371.23999,3373.149902,3338.610107,3343.570068
6/5/2022,BK-1216,62,6/5/2022,3295.919922,3305.719971,3289.919922,3291.889893
7/5/2022,BK-1216,176,0,0,0,0,0
8/5/2022,BK-1216,5,0,0,0,0,0
9/5/2022,BK-1216,109,9/5/2022,3279.360107,3294.879883,3270.72998,3275.070068
10/5/2022,BK-1216,89,10/5/2022,3251.040039,3251.310059,3226.5,3234.189941
11/5/2022,BK-1216,99,11/5/2022,3220.530029,3232.060059,3210.669922,3226.070068
12/5/2022,BK-1216,102,12/5/2022,3205.51001,3216.72998,3165.179932,3165.179932
13/5/2022,BK-1216,101,13/5/2022,3196.100098,3213.219971,3189.679932,3191.159912
14/5/2022,BK-1216,233,0,0,0,0,0
15/5/2022,BK-1216,3,0,0,0,0,0
16/5/2022,BK-1216,154,0,0,0,0,0
17/5/2022,BK-1216,92,17/5/2022,3199.72998,3218.73999,3190.919922,3201.889893
18/5/2022,BK-1216,113,18/5/2022,3219.97998,3241.830078,3214.139893,3225.350098
19/5/2022,BK-1216,85,19/5/2022,3194.659912,3218.139893,3177.090088,3190.709961
20/5/2022,BK-1216,95,20/5/2022,3214.02002,3246.129883,3210.75,3240.580078
21/5/2022,BK-1216,186,0,0,0,0,0
22/5/2022,BK-1216,1,0,0,0,0,0
23/5/2022,BK-1216,122,23/5/2022,3246.51001,3251.610107,3213.649902,3213.649902
24/5/2022,BK-1216,102,24/5/2022,3216.909912,3224.73999,3195.040039,3195.040039
25/5/2022,BK-1216,132,25/5/2022,3198.110107,3208.969971,3172.189941,3179.580078
26/5/2022,BK-1216,101,26/5/2022,3203.379883,3217.879883,3201.050049,3209.179932
27/5/2022,BK-1216,101,27/5/2022,3232.719971,3233.72998,3218.719971,3230.550049
28/5/2022,BK-1216,217,0,0,0,0,0
29/5/2022,BK-1216,1,0,0,0,0,0
30/5/2022,BK-1216,135,30/5/2022,3240.159912,3246.620117,3228.649902,3238.919922
31/5/2022,BK-1216,73,31/5/2022,3236.98999,3263.110107,3232.48999,3232.48999
1/6/2022,BK-1216,115,1/6/2022,3242.919922,3253.149902,3237.310059,3244
2/6/2022,BK-1216,115,2/6/2022,3233.050049,3243.76001,3217.75,3226.719971
3/6/2022,BK-1216,119,3/6/2022,3236.699951,3245.179932,3224.889893,3231.969971
4/6/2022,BK-1216,228,0,0,0,0,0
5/6/2022,BK-1216,5,0,0,0,0,0
6/6/2022,BK-1216,140,6/6/2022,3228.469971,3233.959961,3216.120117,3226.629883
7/6/2022,BK-1216,114,7/6/2022,3224.459961,3231.540039,3214.340088,3231.540039
8/6/2022,BK-1216,121,8/6/2022,3233.98999,3241.800049,3220.669922,3225.800049
9/6/2022,BK-1216,119,9/6/2022,3219.120117,3225.26001,3198.379883,3209.620117
10/6/2022,BK-1216,111,10/6/2022,3189.5,3192.560059,3176.169922,3181.72998
11/6/2022,BK-1216,225,0,0,0,0,0
12/6/2022,BK-1216,2,0,0,0,0,0
13/6/2022,BK-1216,129,13/6/2022,3161.610107,3165.540039,3138.540039,3139.350098
14/6/2022,BK-1216,82,14/6/2022,3124.25,3125.370117,3104.389893,3108.889893
15/6/2022,BK-1216,112,15/6/2022,3104.620117,3128.580078,3104.189941,3105.850098
16/6/2022,BK-1216,91,16/6/2022,3134.060059,3150.110107,3094.570068,3097.429932
17/6/2022,BK-1216,89,17/6/2022,3079.969971,3101.77002,3072.340088,3098.090088
18/6/2022,BK-1216,193,0,0,0,0,0
19/6/2022,BK-1216,4,0,0,0,0,0
20/6/2022,BK-1216,142,20/6/2022,3099.409912,3104.25,3086.449951,3096.399902
21/6/2022,BK-1216,77,21/6/2022,3108.669922,3127.26001,3102.840088,3117.47998
22/6/2022,BK-1216,105,22/6/2022,3121.300049,3132.169922,3092.840088,3093.310059
23/6/2022,BK-1216,88,23/6/2022,3107.080078,3124.449951,3092.800049,3092.800049
24/6/2022,BK-1216,104,24/6/2022,3107.570068,3115.72998,3100.209961,3111.649902
25/6/2022,BK-1216,225,0,0,0,0,0
26/6/2022,BK-1216,5,0,0,0,0,0
27/6/2022,BK-1216,141,27/6/2022,3128.719971,3142.310059,3120.389893,3137.540039
28/6/2022,BK-1216,63,28/6/2022,3127.48999,3145.169922,3124.219971,3140.209961
29/6/2022,BK-1216,103,29/6/2022,3125.860107,3154.76001,3123.899902,3134.870117
30/6/2022,BK-1216,71,30/6/2022,3131.929932,3138.209961,3102.209961,3102.209961
1/7/2022,BK-1216,109,1/7/2022,3104.25,3121.25,3089.399902,3095.590088
2/7/2022,BK-1216,221,0,0,0,0,0
3/7/2022,BK-1216,4,0,0,0,0,0
4/7/2022,BK-1216,140,4/7/2022,3106.389893,3127.350098,3104.429932,3120.23999
5/7/2022,BK-1216,73,5/7/2022,3130.72998,3135.050049,3099.439941,3104.110107
6/7/2022,BK-1216,103,6/7/2022,3112.030029,3124.570068,3096.379883,3103.659912
7/7/2022,BK-1216,99,7/7/2022,3096.889893,3129.399902,3093.469971,3129.399902
8/7/2022,BK-1216,94,8/7/2022,3139.409912,3141.090088,3121.73999,3131.26001
9/7/2022,BK-1216,212,0,0,0,0,0
10/7/2022,BK-1216,4,0,0,0,0,0
11/7/2022,BK-1216,152,0,0,0,0,0
12/7/2022,BK-1216,82,12/7/2022,3135.76001,3147.72998,3129.379883,3145.77002
13/7/2022,BK-1216,66,13/7/2022,3148.419922,3150.110107,3117.860107,3128.689941
14/7/2022,BK-1216,84,14/7/2022,3119.290039,3120.780029,3089.429932,3090.629883
15/7/2022,BK-1216,78,15/7/2022,3094.02002,3108.219971,3088.25,3099.149902
16/7/2022,BK-1216,201,0,0,0,0,0
17/7/2022,BK-1216,4,0,0,0,0,0
18/7/2022,BK-1216,132,18/7/2022,3113.969971,3126.209961,3112.01001,3121.76001
19/7/2022,BK-1216,66,19/7/2022,3109.949951,3124.870117,3108.429932,3117.790039
20/7/2022,BK-1216,92,20/7/2022,3135.209961,3170.290039,3170.290039,3170.290039
21/7/2022,BK-1216,79,21/7/2022,3165.22998,3166.280029,3144.77002,3152.300049
22/7/2022,BK-1216,101,22/7/2022,3162.959961,3186.570068,3162.959961,3181.340088
23/7/2022,BK-1216,210,0,0,0,0,0
24/7/2022,BK-1216,2,0,0,0,0,0
25/7/2022,BK-1216,139,25/7/2022,3176.01001,3209.76001,3175.47998,3180.469971
26/7/2022,BK-1216,86,26/7/2022,3174.909912,3192.120117,3192.120117,3192.120117
27/7/2022,BK-1216,95,27/7/2022,3188.050049,3207.320068,3178.669922,3205.139893
28/7/2022,BK-1216,92,28/7/2022,3216.98999,3225.350098,3203.72998,3220.649902
29/7/2022,BK-1216,106,29/7/2022,3238.149902,3244.290039,3199.959961,3211.560059
30/7/2022,BK-1216,228,0,0,0,0,0
31/7/2022,BK-1216,4,0,0,0,0,0
1/8/2022,BK-1216,166,1/8/2022,3215.419922,3254.48999,3211.139893,3238.75
2/8/2022,BK-1216,105,2/8/2022,3231.449951,3244.060059,3227.370117,3239.149902
3/8/2022,BK-1216,137,3/8/2022,3241.669922,3257.399902,3231.669922,3252.060059
4/8/2022,BK-1216,98,4/8/2022,3258.350098,3270.590088,3242.290039,3269.860107
5/8/2022,BK-1216,120,5/8/2022,3275.189941,3285.290039,3268.469971,3282.879883
6/8/2022,BK-1216,248,0,0,0,0,0
7/8/2022,BK-1216,6,0,0,0,0,0
8/8/2022,BK-1216,178,8/8/2022,3278.350098,3278.350098,3255.179932,3270.97998
9/8/2022,BK-1216,127,0,0,0,0,0
10/8/2022,BK-1216,147,10/8/2022,3270.889893,3289.469971,3269.23999,3286.330078
11/8/2022,BK-1216,110,11/8/2022,3296.27002,3307.290039,3287.840088,3301.959961
12/8/2022,BK-1216,103,12/8/2022,3287.360107,3289.5,3266.169922,3269.27002
13/8/2022,BK-1216,209,0,0,0,0,0
14/8/2022,BK-1216,4,0,0,0,0,0
15/8/2022,BK-1216,133,15/8/2022,3261.399902,3267.439941,3256.120117,3256.820068
16/8/2022,BK-1216,82,16/8/2022,3250.840088,3259.919922,3243.959961,3253.790039
17/8/2022,BK-1216,130,17/8/2022,3254.600098,3272.060059,3253.459961,3262.76001
18/8/2022,BK-1216,98,18/8/2022,3257.639893,3288.469971,3257.47998,3273.47998
19/8/2022,BK-1216,111,19/8/2022,3270.600098,3271.949951,3240.050049,3246.51001
20/8/2022,BK-1216,225,0,0,0,0,0
21/8/2022,BK-1216,4,0,0,0,0,0
22/8/2022,BK-1216,151,22/8/2022,3240.030029,3270.820068,3235.310059,3262.570068
23/8/2022,BK-1216,84,23/8/2022,3251.280029,3259.419922,3224.97998,3246.209961
24/8/2022,BK-1216,100,24/8/2022,3243.830078,3246.600098,3227.899902,3233.47998
25/8/2022,BK-1216,87,25/8/2022,3240.899902,3256.550049,3237.209961,3247.800049
26/8/2022,BK-1216,92,26/8/2022,3249.969971,3264.179932,3248.120117,3249.530029
27/8/2022,BK-1216,221,0,0,0,0,0
28/8/2022,BK-1216,5,0,0,0,0,0
29/8/2022,BK-1216,140,29/8/2022,3210.129883,3225.919922,3205.580078,3222.26001
30/8/2022,BK-1216,68,30/8/2022,3221.73999,3249.350098,3221.73999,3239.330078
31/8/2022,BK-1216,96,31/8/2022,3224.169922,3233.610107,3212.179932,3221.669922
1/9/2022,BK-1216,106,1/9/2022,3211.560059,3224.080078,3224.080078,3224.080078
2/9/2022,BK-1216,104,2/9/2022,3214.5,3223.5,3200.580078,3205.689941
3/9/2022,BK-1216,224,0,0,0,0,0
4/9/2022,BK-1216,10,0,0,0,0,0
5/9/2022,BK-1216,134,5/9/2022,3211.959961,3222.610107,3207.090088,3215.47998
6/9/2022,BK-1216,79,6/9/2022,3223.149902,3234.449951,3217.169922,3224.179932
7/9/2022,BK-1216,117,7/9/2022,3207.139893,3217.51001,3198.389893,3210.830078
8/9/2022,BK-1216,98,8/9/2022,3230.790039,3242.97998,3227.47998,3233.610107
9/9/2022,BK-1216,121,9/9/2022,3243.199951,3266.639893,3238.889893,3262.949951
10/9/2022,BK-1216,219,0,0,0,0,0
11/9/2022,BK-1216,9,0,0,0,0,0
12/9/2022,BK-1216,149,12/9/2022,3277.340088,3279.75,3264.76001,3274.719971
13/9/2022,BK-1216,51,13/9/2022,3280.169922,3297.590088,3278.840088,3290.080078
14/9/2022,BK-1216,103,14/9/2022,3241.360107,3266.320068,3241.360107,3258.02002
15/9/2022,BK-1216,68,15/9/2022,3262.530029,3277.620117,3260.72998,3267.97998
16/9/2022,BK-1216,93,16/9/2022,3261.919922,3279.679932,3250.51001,3268.290039
17/9/2022,BK-1216,177,0,0,0,0,0
18/9/2022,BK-1216,9,0,0,0,0,0
19/9/2022,BK-1216,125,19/9/2022,3259.570068,3274.469971,3252.209961,3256.310059
20/9/2022,BK-1216,77,20/9/2022,3265.909912,3275.51001,3261.629883,3266.939941
21/9/2022,BK-1216,84,21/9/2022,3261.540039,3271.959961,3254.77002,3261.790039
22/9/2022,BK-1216,78,22/9/2022,3250.669922,3266.639893,3243.459961,3263.070068
23/9/2022,BK-1216,96,23/9/2022,3242.379883,3247.919922,3224.580078,3227.100098
24/9/2022,BK-1216,190,0,0,0,0,0
25/9/2022,BK-1216,6,0,0,0,0,0
26/9/2022,BK-1216,116,26/9/2022,3214.570068,3223.51001,3169.800049,3181.969971
27/9/2022,BK-1216,48,27/9/2022,3178.090088,3181.610107,3158.320068,3165.5
28/9/2022,BK-1216,82,28/9/2022,3155.669922,3160.75,3112.909912,3116.310059
29/9/2022,BK-1216,62,29/9/2022,3130.689941,3155.350098,3115.080078,3115.080078
30/9/2022,BK-1216,45,30/9/2022,3108.939941,3137.060059,3098.23999,3130.23999
1/10/2022,BK-1216,218,0,0,0,0,0
2/10/2022,BK-1216,9,0,0,0,0,0
3/10/2022,BK-1216,129,3/10/2022,3113,3126.97998,3102.899902,3107.090088
4/10/2022,BK-1216,79,4/10/2022,3144.72998,3154.300049,3128.620117,3138.899902
5/10/2022,BK-1216,99,5/10/2022,3152.209961,3161.649902,3145.800049,3153.22998
6/10/2022,BK-1216,84,6/10/2022,3162.48999,3168.399902,3150.350098,3151.560059
7/10/2022,BK-1216,119,7/10/2022,3160.419922,3165.060059,3138.969971,3145.810059
8/10/2022,BK-1216,195,0,0,0,0,0
9/10/2022,BK-1216,7,0,0,0,0,0
10/10/2022,BK-1216,166,10/10/2022,3124.449951,3125.060059,3104.879883,3107.469971
11/10/2022,BK-1216,87,11/10/2022,3114.5,3132.919922,3095.320068,3105
12/10/2022,BK-1216,116,12/10/2022,3101.550049,3107.52002,3081.5,3083.189941
13/10/2022,BK-1216,84,13/10/2022,3074.449951,3083.219971,3039.48999,3040.449951
14/10/2022,BK-1216,105,14/10/2022,3067.48999,3078.169922,3039.610107,3039.610107
15/10/2022,BK-1216,198,0,0,0,0,0
16/10/2022,BK-1216,7,0,0,0,0,0
17/10/2022,BK-1216,128,17/10/2022,3025.51001,3032.800049,2991.050049,3015.75
18/10/2022,BK-1216,58,18/10/2022,3027.560059,3039.060059,3007.939941,3025.879883
19/10/2022,BK-1216,89,19/10/2022,3031.790039,3043.26001,3020.110107,3022.800049
20/10/2022,BK-1216,75,20/10/2022,3005.850098,3029.070068,3005.850098,3022.699951
21/10/2022,BK-1216,103,21/10/2022,3014.699951,3019.199951,2968.919922,2969.949951
22/10/2022,BK-1216,222,0,0,0,0,0
23/10/2022,BK-1216,8,0,0,0,0,0
24/10/2022,BK-1216,152,0,0,0,0,0
25/10/2022,BK-1216,96,25/10/2022,2988.120117,3007.929932,2968.870117,2984.149902
26/10/2022,BK-1216,95,26/10/2022,2992.23999,3020.52002,2987.600098,3008.379883
27/10/2022,BK-1216,34,27/10/2022,3009.389893,3028.889893,2995.280029,3015.23999
28/10/2022,BK-1216,69,28/10/2022,3033.340088,3071.379883,3025.929932,3059.189941
29/10/2022,BK-1216,160,0,0,0,0,0
30/10/2022,BK-1216,7,0,0,0,0,0
31/10/2022,BK-1216,93,31/10/2022,3084.679932,3129.350098,3083.590088,3093.110107
1/11/2022,BK-1216,97,1/11/2022,3107,3140.320068,3102.629883,3130.5
2/11/2022,BK-1216,114,2/11/2022,3134.75,3141.129883,3113.790039,3141.129883
3/11/2022,BK-1216,91,3/11/2022,3125.159912,3126.090088,3091.179932,3102.51001
4/11/2022,BK-1216,149,4/11/2022,3100.560059,3134.300049,3098.719971,3130.110107
5/11/2022,BK-1216,248,0,0,0,0,0
6/11/2022,BK-1216,9,0,0,0,0,0
7/11/2022,BK-1216,162,7/11/2022,3136.899902,3145.439941,3126.669922,3141.310059
8/11/2022,BK-1216,82,8/11/2022,3153.570068,3155.290039,3142.280029,3145.830078
9/11/2022,BK-1216,140,9/11/2022,3146.110107,3169.449951,3143.810059,3165.5
10/11/2022,BK-1216,111,10/11/2022,3153.300049,3180.570068,3152.48999,3173.179932
11/11/2022,BK-1216,135,11/11/2022,3213.350098,3238.070068,3211.199951,3228.330078
12/11/2022,BK-1216,233,0,0,0,0,0
13/11/2022,BK-1216,9,0,0,0,0,0
14/11/2022,BK-1216,175,14/11/2022,3234.51001,3279.100098,3226.830078,3260.800049
15/11/2022,BK-1216,103,15/11/2022,3271.350098,3285.719971,3261.959961,3275.280029
16/11/2022,BK-1216,125,16/11/2022,3274.850098,3282.909912,3258.48999,3266.169922
17/11/2022,BK-1216,113,17/11/2022,3274.669922,3298.100098,3263.679932,3286.040039
18/11/2022,BK-1216,153,18/11/2022,3289.330078,3308.300049,3265.530029,3272.22998
19/11/2022,BK-1216,249,0,0,0,0,0
20/11/2022,BK-1216,11,0,0,0,0,0
21/11/2022,BK-1216,175,21/11/2022,3264.649902,3281.600098,3237.350098,3250.620117
22/11/2022,BK-1216,100,22/11/2022,3261.310059,3277.350098,3259.560059,3259.560059
23/11/2022,BK-1216,156,23/11/2022,3278.75,3285.47998,3249.52002,3255.98999
24/11/2022,BK-1216,107,24/11/2022,3268.679932,3273.429932,3250.149902,3252.879883
25/11/2022,BK-1216,134,25/11/2022,3249.530029,3254.409912,3233.189941,3244.550049
26/11/2022,BK-1216,234,0,0,0,0,0
27/11/2022,BK-1216,10,0,0,0,0,0
28/11/2022,BK-1216,162,28/11/2022,3241.689941,3248.689941,3221.889893,3240.060059
29/11/2022,BK-1216,69,29/11/2022,3235.340088,3277.01001,3232.379883,3276.360107
30/11/2022,BK-1216,96,30/11/2022,3279.860107,3290.560059,3270.030029,3290.48999
1/12/2022,BK-1216,102,1/12/2022,3306.48999,3313.800049,3288.459961,3292.72998
2/12/2022,BK-1216,122,2/12/2022,3287.22998,3287.22998,3259.139893,3259.139893
3/12/2022,BK-1216,227,0,0,0,0,0
4/12/2022,BK-1216,15,0,0,0,0,0
5/12/2022,BK-1216,166,5/12/2022,3266.52002,3283.169922,3256.449951,3267.540039
6/12/2022,BK-1216,91,6/12/2022,3263.47998,3265.280029,3244.72998,3252.370117
7/12/2022,BK-1216,116,7/12/2022,3239.219971,3252.25,3225.449951,3225.449951
8/12/2022,BK-1216,96,8/12/2022,3225.949951,3246.179932,3225.949951,3236.080078
9/12/2022,BK-1216,126,9/12/2022,3242.669922,3248.030029,3235.820068,3245.969971
10/12/2022,BK-1216,230,0,0,0,0,0
11/12/2022,BK-1216,11,0,0,0,0,0
12/12/2022,BK-1216,158,12/12/2022,3235.879883,3255.610107,3234.560059,3239.659912
13/12/2022,BK-1216,82,13/12/2022,3245.459961,3278.129883,3245.090088,3271.280029
14/12/2022,BK-1216,119,14/12/2022,3280.439941,3293.469971,3274.959961,3278.570068
15/12/2022,BK-1216,89,15/12/2022,3280.949951,3287.530029,3256.790039,3273.75
16/12/2022,BK-1216,125,16/12/2022,3253.669922,3272.120117,3237.790039,3240.810059
17/12/2022,BK-1216,252,0,0,0,0,0
18/12/2022,BK-1216,11,0,0,0,0,0
19/12/2022,BK-1216,153,19/12/2022,3239.5,3273.350098,3239.5,3256.610107
20/12/2022,BK-1216,65,20/12/2022,3246.300049,3262.370117,3237.719971,3253.969971
21/12/2022,BK-1216,122,21/12/2022,3250.860107,3262.530029,3246.340088,3256.189941
22/12/2022,BK-1216,110,22/12/2022,3262.399902,3278.879883,3256.189941,3269.530029
23/12/2022,BK-1216,116,23/12/2022,3257.189941,3261.98999,3250.159912,3257.699951
24/12/2022,BK-1216,240,0,0,0,0,0
25/12/2022,BK-1216,9,0,0,0,0,0
26/12/2022,BK-1216,175,0,0,0,0,0
27/12/2022,BK-1216,95,27/12/2022,3277.580078,3277.939941,3264.030029,3266.379883
28/12/2022,BK-1216,64,28/12/2022,3257.75,3270.330078,3256.23999,3266.969971
29/12/2022,BK-1216,34,29/12/2022,3255.100098,3257,3234.929932,3249.23999
30/12/2022,BK-1216,61,30/12/2022,3259.22998,3261.879883,3247.850098,3251.320068
31/12/2022,BK-1216,169,0,0,0,0,0
1/1/2023,BK-1216,8,0,0,0,0,0
2/1/2023,BK-1216,152,0,0,0,0,0
3/1/2023,BK-1216,78,3/1/2023,3243.98999,3252.120117,3212.629883,3245.800049
4/1/2023,BK-1216,83,4/1/2023,3251.419922,3256.370117,3238.699951,3242.459961
5/1/2023,BK-1216,67,5/1/2023,3264.530029,3297.340088,3262.379883,3292.659912
6/1/2023,BK-1216,89,6/1/2023,3290.320068,3290.320068,3271.080078,3276.719971
7/1/2023,BK-1216,164,0,0,0,0,0
8/1/2023,BK-1216,6,0,0,0,0,0
9/1/2023,BK-1216,119,9/1/2023,3311.669922,3343.469971,3291.040039,3305.669922
10/1/2023,BK-1216,66,10/1/2023,3300.169922,3305.560059,3258.699951,3262.909912
11/1/2023,BK-1216,68,11/1/2023,3277.330078,3281.22998,3261.48999,3271.51001
12/1/2023,BK-1216,81,12/1/2023,3282.790039,3283.97998,3253.98999,3267.780029
13/1/2023,BK-1216,95,13/1/2023,3283.899902,3298.080078,3273.669922,3293.75
14/1/2023,BK-1216,193,0,0,0,0,0
15/1/2023,BK-1216,9,0,0,0,0,0
16/1/2023,BK-1216,122,16/1/2023,3304.389893,3309.120117,3273.649902,3283.600098
17/1/2023,BK-1216,61,17/1/2023,3285.389893,3291.01001,3273.790039,3280.51001
18/1/2023,BK-1216,90,18/1/2023,3291.02002,3301.290039,3280.850098,3289.550049
19/1/2023,BK-1216,118,19/1/2023,3281.830078,3290.25,3271.870117,3276.179932
20/1/2023,BK-1216,106,20/1/2023,3279.01001,3305.25,3263.98999,3293.709961
21/1/2023,BK-1216,225,0,0,0,0,0
22/1/2023,BK-1216,10,0,0,0,0,0
23/1/2023,BK-1216,168,0,0,0,0,0
24/1/2023,BK-1216,87,0,0,0,0,0
25/1/2023,BK-1216,129,25/1/2023,3322.850098,3355.870117,3318.76001,3352.77002
26/1/2023,BK-1216,49,26/1/2023,3363.659912,3381.02002,3353.830078,3377.189941
27/1/2023,BK-1216,68,27/1/2023,3392.080078,3395.790039,3379.149902,3394.209961
28/1/2023,BK-1216,136,0,0,0,0,0
29/1/2023,BK-1216,6,0,0,0,0,0
30/1/2023,BK-1216,115,30/1/2023,3399.560059,3408.189941,3365.310059,3378.290039
31/1/2023,BK-1216,46,31/1/2023,3375.699951,3389.77002,3352.080078,3365.669922
1/2/2023,BK-1216,94,1/2/2023,3385.360107,3389.719971,3357.679932,3377.649902
2/2/2023,BK-1216,78,2/2/2023,3376.629883,3380.719971,3353.159912,3363.679932
3/2/2023,BK-1216,90,3/2/2023,3373.139893,3384.290039,3358.459961,3384.290039
4/2/2023,BK-1216,191,0,0,0,0,0
5/2/2023,BK-1216,9,0,0,0,0,0
6/2/2023,BK-1216,130,6/2/2023,3391.590088,3392.590088,3375.439941,3385.929932
7/2/2023,BK-1216,70,7/2/2023,3384.679932,3397.320068,3374.620117,3380.840088
8/2/2023,BK-1216,94,8/2/2023,3378.429932,3393.330078,3372.620117,3388.52002
9/2/2023,BK-1216,71,9/2/2023,3376.050049,3382.459961,3355.090088,3359.47998
10/2/2023,BK-1216,96,10/2/2023,3351.159912,3366.850098,3334.469971,3360.689941
11/2/2023,BK-1216,192,0,0,0,0,0
12/2/2023,BK-1216,7,0,0,0,0,0
13/2/2023,BK-1216,120,13/2/2023,3368.909912,3376.689941,3324.699951,3324.699951
14/2/2023,BK-1216,58,14/2/2023,3335.219971,3341.419922,3314.320068,3318.199951
15/2/2023,BK-1216,87,15/2/2023,3310.72998,3312.840088,3271.780029,3280.820068
16/2/2023,BK-1216,74,16/2/2023,3286.26001,3325.219971,3286.26001,3311.22998
17/2/2023,BK-1216,93,17/2/2023,3300.659912,3330.830078,3300.159912,3328.370117
18/2/2023,BK-1216,170,0,0,0,0,0
19/2/2023,BK-1216,10,0,0,0,0,0
20/2/2023,BK-1216,126,20/2/2023,3330.52002,3330.659912,3307.429932,3308.75
21/2/2023,BK-1216,62,21/2/2023,3313.370117,3315.860107,3298.300049,3306.860107
22/2/2023,BK-1216,75,22/2/2023,3305.879883,3309.5,3291.040039,3300.040039
23/2/2023,BK-1216,70,23/2/2023,3302.649902,3303.439941,3264.929932,3264.929932
24/2/2023,BK-1216,79,24/2/2023,3264.449951,3290.409912,3264.449951,3282.300049
25/2/2023,BK-1216,190,0,0,0,0,0
26/2/2023,BK-1216,8,0,0,0,0,0
27/2/2023,BK-1216,0,27/2/2023,3272.169922,3285.790039,3261.949951,3263.23999
28/2/2023,BK-1216,0,28/2/2023,3270,3285.25,3260.580078,3262.629883
1/3/2023,BK-1216,108,1/3/2023,3265.5,3275.100098,3255.080078,3255.080078
2/3/2023,BK-1216,89,2/3/2023,3251.72998,3256.23999,3225.620117,3234.899902
3/3/2023,BK-1216,97,3/3/2023,3244.199951,3251.290039,3230.419922,3232.02002
4/3/2023,BK-1216,209,0,0,0,0,0
5/3/2023,BK-1216,12,0,0,0,0,0
6/3/2023,BK-1216,145,6/3/2023,3240.469971,3246.439941,3224.949951,3239.310059
7/3/2023,BK-1216,79,7/3/2023,3240.120117,3264.719971,3233.350098,3245.27002
8/3/2023,BK-1216,119,8/3/2023,3241.76001,3242.530029,3215.580078,3226.860107
9/3/2023,BK-1216,92,9/3/2023,3227.209961,3232.280029,3211.030029,3214.51001
10/3/2023,BK-1216,98,10/3/2023,3198.939941,3199.939941,3169.800049,3177.429932
11/3/2023,BK-1216,197,0,0,0,0,0
12/3/2023,BK-1216,9,0,0,0,0,0
13/3/2023,BK-1216,132,13/3/2023,3165.820068,3175.870117,3132.370117,3132.370117
14/3/2023,BK-1216,81,14/3/2023,3101.290039,3139.27002,3094.280029,3129.75
15/3/2023,BK-1216,112,15/3/2023,3157.929932,3186.919922,3157.929932,3172.919922
16/3/2023,BK-1216,100,16/3/2023,3142.97998,3176.669922,3134.030029,3155.540039
17/3/2023,BK-1216,103,17/3/2023,3179.659912,3185.25,3162.350098,3183.280029
18/3/2023,BK-1216,226,0,0,0,0,0
19/3/2023,BK-1216,10,0,0,0,0,0
20/3/2023,BK-1216,151,20/3/2023,3179.050049,3179.050049,3123.550049,3139.76001
21/3/2023,BK-1216,76,21/3/2023,3162.129883,3186.689941,3157.810059,3173.929932
22/3/2023,BK-1216,100,22/3/2023,3193.679932,3228.610107,3189.649902,3220.97998
23/3/2023,BK-1216,67,23/3/2023,3204.840088,3223.030029,3191.98999,3219
24/3/2023,BK-1216,86,24/3/2023,3210.969971,3223.929932,3200.899902,3212.639893
25/3/2023,BK-1216,174,0,0,0,0,0
26/3/2023,BK-1216,6,0,0,0,0,0
27/3/2023,BK-1216,131,27/3/2023,3225.699951,3247.5,3223.449951,3239.030029
28/3/2023,BK-1216,47,28/3/2023,3255.219971,3266.97998,3243.25,3255.540039
29/3/2023,BK-1216,75,29/3/2023,3254.469971,3270.379883,3242.48999,3262.540039
30/3/2023,BK-1216,60,30/3/2023,3256.72998,3262.669922,3238.97998,3257.179932
31/3/2023,BK-1216,49,31/3/2023,3265.01001,3273.469971,3255.590088,3258.899902
1/4/2023,BK-1216,211,0,0,0,0,0
2/4/2023,BK-1216,8,0,0,0,0,0
3/4/2023,BK-1216,123,3/4/2023,3272.47998,3287.439941,3263.360107,3281.080078
4/4/2023,BK-1216,90,4/4/2023,3294.72998,3316.169922,3288.949951,3311.120117
5/4/2023,BK-1216,101,5/4/2023,3312.129883,3331.659912,3301.090088,3318.870117
6/4/2023,BK-1216,81,6/4/2023,3311.340088,3314.73999,3291.649902,3300.47998
7/4/2023,BK-1216,87,0,0,0,0,0
8/4/2023,BK-1216,205,0,0,0,0,0
9/4/2023,BK-1216,9,0,0,0,0,0
10/4/2023,BK-1216,132,10/4/2023,3306.610107,3311.050049,3288.719971,3294.429932
11/4/2023,BK-1216,50,11/4/2023,3296.469971,3309.169922,3287.22998,3297.830078
12/4/2023,BK-1216,85,12/4/2023,3302.939941,3302.949951,3278.209961,3286.120117
13/4/2023,BK-1216,65,13/4/2023,3282.590088,3297.050049,3280.070068,3294.540039
14/4/2023,BK-1216,80,14/4/2023,3305.669922,3315.850098,3300.820068,3302.659912
15/4/2023,BK-1216,174,0,0,0,0,0
16/4/2023,BK-1216,5,0,0,0,0,0
17/4/2023,BK-1216,120,17/4/2023,3307.459961,3319.26001,3299.280029,3319.26001
18/4/2023,BK-1216,74,18/4/2023,3314.189941,3323.27002,3298.72998,3309.560059
19/4/2023,BK-1216,91,19/4/2023,3310.399902,3326.149902,3307.360107,3324.050049
20/4/2023,BK-1216,103,20/4/2023,3321.060059,3329.52002,3305.330078,3313.409912
21/4/2023,BK-1216,109,21/4/2023,3308.429932,3321.820068,3300.860107,3321.820068
22/4/2023,BK-1216,199,0,0,0,0,0
23/4/2023,BK-1216,7,0,0,0,0,0
24/4/2023,BK-1216,0,24/4/2023,3320.25,3326.879883,3307.780029,3324.550049
25/4/2023,BK-1216,0,25/4/2023,3319.719971,3325.449951,3288.590088,3296.560059
26/4/2023,BK-1216,0,26/4/2023,3285.580078,3299.330078,3281.320068,3293.909912
27/4/2023,BK-1216,0,27/4/2023,3275.27002,3287.080078,3271.310059,3282.030029
28/4/2023,BK-1216,0,28/4/2023,3281.25,3284.939941,3266.110107,3270.51001
29/4/2023,BK-1216,0,0,0,0,0,0
30/4/2023,BK-1216,0,0,0,0,0,0
1/5/2023,BK-1216,167,0,0,0,0,0
2/5/2023,BK-1216,93,2/5/2023,3291.429932,3309.679932,3273.98999,3281.98999
3/5/2023,BK-1216,98,3/5/2023,3260.97998,3262.01001,3262.01001,3262.01001
4/5/2023,BK-1216,60,4/5/2023,3254.48999,3269.360107,3249.389893,3269.179932
5/5/2023,BK-1216,81,5/5/2023,3267.169922,3271.149902,3258.649902,3266.629883
6/5/2023,BK-1216,196,0,0,0,0,0
7/5/2023,BK-1216,4,0,0,0,0,0
8/5/2023,BK-1216,141,8/5/2023,3274.290039,3276.189941,3253.5,3257.659912
9/5/2023,BK-1216,70,9/5/2023,3253.110107,3254.290039,3237.639893,3242.949951
10/5/2023,BK-1216,86,10/5/2023,3255.610107,3242.290039,3242.290039,3242.290039
11/5/2023,BK-1216,72,11/5/2023,3229.550049,3247.449951,3219.919922,3229.550049
12/5/2023,BK-1216,95,12/5/2023,3208.550049,3223.870117,3196.090088,3208.550049
13/5/2023,BK-1216,204,0,0,0,0,0
14/5/2023,BK-1216,5,0,0,0,0,0
15/5/2023,BK-1216,140,15/5/2023,3214.719971,3216.310059,3196.860107,3214.719971
16/5/2023,BK-1216,87,16/5/2023,3214.040039,3227.889893,3206.219971,3214.040039
17/5/2023,BK-1216,86,17/5/2023,3173.840088,3208.919922,3168.790039,3173.840088
18/5/2023,BK-1216,79,18/5/2023,3186.429932,3196.47998,3179.669922,3182.550049
19/5/2023,BK-1216,88,19/5/2023,3185.26001,3207.23999,3184.909912,3202.590088
20/5/2023,BK-1216,195,0,0,0,0,0
21/5/2023,BK-1216,9,0,0,0,0,0
22/5/2023,BK-1216,133,22/5/2023,3211.090088,3211.139893,3188.439941,3211.090088
23/5/2023,BK-1216,77,23/5/2023,3216.080078,3218.080078,3218.080078,3218.080078
24/5/2023,BK-1216,92,24/5/2023,3214.209961,3214.209961,3204.73999,3214.209961
25/5/2023,BK-1216,84,25/5/2023,3204.23999,3213.22998,3195.949951,3207.719971
26/5/2023,BK-1216,118,26/5/2023,3207.389893,3213.860107,3201,3207.389893
27/5/2023,BK-1216,210,0,0,0,0,0
28/5/2023,BK-1216,9,0,0,0,0,0
29/5/2023,BK-1216,138,29/5/2023,3195.219971,3231.639893,3192.47998,3195.219971
30/5/2023,BK-1216,87,30/5/2023,3194.330078,3203.899902,3186.169922,3187.560059
31/5/2023,BK-1216,128,31/5/2023,3177.169922,3181.060059,3156.149902,3158.800049
1/6/2023,BK-1216,95,1/6/2023,3162.52002,3176.169922,3155.52002,3166.300049
2/6/2023,BK-1216,100,0,0,0,0,0
3/6/2023,BK-1216,163,0,0,0,0,0
4/6/2023,BK-1216,7,0,0,0,0,0
5/6/2023,BK-1216,126,5/6/2023,3211.629883,3223.379883,3181.320068,3189.01001
6/6/2023,BK-1216,60,6/6/2023,3185.060059,3192.25,3175.76001,3190.110107
7/6/2023,BK-1216,81,7/6/2023,3179.580078,3195.219971,3173.73999,3179.580078
8/6/2023,BK-1216,68,8/6/2023,3186.610107,3186.610107,3170.209961,3186.610107
9/6/2023,BK-1216,106,9/6/2023,3186.600098,3191.110107,3179.030029,3186.969971
10/6/2023,BK-1216,182,0,0,0,0,0
11/6/2023,BK-1216,5,0,0,0,0,0
12/6/2023,BK-1216,141,12/6/2023,3196.070068,3206.590088,3186.040039,3196.070068
13/6/2023,BK-1216,66,13/6/2023,3189.860107,3194.060059,3175.02002,3189.399902
14/6/2023,BK-1216,91,14/6/2023,3218.139893,3222.290039,3194.75,3218.139893
15/6/2023,BK-1216,89,15/6/2023,3212.600098,3248.370117,3210.350098,3242.850098
16/6/2023,BK-1216,115,16/6/2023,3251.840088,3260.030029,3260.030029,3260.030029
17/6/2023,BK-1216,201,0,0,0,0,0
18/6/2023,BK-1216,7,0,0,0,0,0
19/6/2023,BK-1216,121,19/6/2023,3255.75,3257.290039,3235.52002,3241.169922
20/6/2023,BK-1216,66,20/6/2023,3237.98999,3246.189941,3218.459961,3220.22998
21/6/2023,BK-1216,80,21/6/2023,3223.659912,3232.25,3205.189941,3223.659912
22/6/2023,BK-1216,87,22/6/2023,3222.860107,3228.350098,3211.179932,3222.429932
23/6/2023,BK-1216,121,23/6/2023,3219.189941,3191.600098,3191.600098,3191.600098
24/6/2023,BK-1216,221,0,0,0,0,0
25/6/2023,BK-1216,5,0,0,0,0,0
26/6/2023,BK-1216,136,26/6/2023,3195.97998,3217.610107,3188.22998,3189.679932
27/6/2023,BK-1216,81,27/6/2023,3205.350098,3213.219971,3195.969971,3205.350098
28/6/2023,BK-1216,113,28/6/2023,3217.909912,3223.110107,3201.659912,3207.280029
29/6/2023,BK-1216,97,0,0,0,0,0
30/6/2023,BK-1216,98,30/6/2023,3205.909912,3222,3204.780029,3205.909912
1/7/2023,BK-1216,192,0,0,0,0,0
2/7/2023,BK-1216,6,0,0,0,0,0
3/7/2023,BK-1216,98,3/7/2023,3215.560059,3219.48999,3200.850098,3207.100098
4/7/2023,BK-1216,56,4/7/2023,3203.77002,3209.22998,3197.01001,3203.77002
5/7/2023,BK-1216,89,5/7/2023,3185.379883,3203.850098,3182.969971,3185.379883
6/7/2023,BK-1216,70,6/7/2023,3181.689941,3185.629883,3147.23999,3150.429932
7/7/2023,BK-1216,80,7/7/2023,3139.469971,3146.51001,3128.699951,3139.469971
8/7/2023,BK-1216,160,0,0,0,0,0
9/7/2023,BK-1216,7,0,0,0,0,0
10/7/2023,BK-1216,0,10/7/2023,3143.100098,3157.149902,3139.169922,3149.320068
11/7/2023,BK-1216,0,11/7/2023,3163.540039,3166.870117,3150.199951,3163.840088
12/7/2023,BK-1216,0,12/7/2023,3168.639893,3185.27002,3158.090088,3175.360107
13/7/2023,BK-1216,0,13/7/2023,3202.350098,3247.189941,3199.530029,3238.459961
14/7/2023,BK-1216,0,14/7/2023,3253.139893,3260.280029,3241.939941,3248.629883
15/7/2023,BK-1216,0,0,0,0,0,0
16/7/2023,BK-1216,0,0,0,0,0,0
17/7/2023,BK-1216,0,17/7/2023,3254.429932,3254.429932,3225.439941,3254.429932
18/7/2023,BK-1216,0,18/7/2023,3254.610107,3258.860107,3245.120117,3254.26001
19/7/2023,BK-1216,0,19/7/2023,3270.040039,3278.149902,3259.199951,3275.23999
20/7/2023,BK-1216,0,20/7/2023,3282.77002,3282.949951,3263.699951,3274.379883
21/7/2023,BK-1216,0,21/7/2023,3272.340088,3278.300049,3265.570068,3278.300049
22/7/2023,BK-1216,0,0,0,0,0,0
23/7/2023,BK-1216,2,0,0,0,0,0
24/7/2023,BK-1216,104,24/7/2023,3279.97998,3285.02002,3253.949951,3265.139893
25/7/2023,BK-1216,51,25/7/2023,3286.159912,3288.169922,3263.669922,3286.159912
26/7/2023,BK-1216,81,26/7/2023,3284.620117,3316.100098,3282.110107,3304.959961
27/7/2023,BK-1216,64,27/7/2023,3326.169922,3339.23999,3317.51001,3337.419922
28/7/2023,BK-1216,85,28/7/2023,3371.169922,3374.209961,3344.320068,3371.169922
29/7/2023,BK-1216,149,0,0,0,0,0
30/7/2023,BK-1216,4,0,0,0,0,0
31/7/2023,BK-1216,95,31/7/2023,3377.909912,3392.629883,3363.870117,3373.97998
1/8/2023,BK-1216,59,1/8/2023,3383.070068,3385.679932,3362.629883,3373.790039
2/8/2023,BK-1216,104,2/8/2023,3352.5,3362.23999,3315.800049,3325.02002
3/8/2023,BK-1216,73,3/8/2023,3304.060059,3330.429932,3300.070068,3304.060059
4/8/2023,BK-1216,100,4/8/2023,3298.23999,3304.570068,3287.330078,3292.389893
5/8/2023,BK-1216,167,0,0,0,0,0
6/8/2023,BK-1216,6,0,0,0,0,0
7/8/2023,BK-1216,127,7/8/2023,3296.889893,3312.870117,3293.699951,3309.870117
8/8/2023,BK-1216,81,8/8/2023,3317.820068,3320.159912,3305.75,3313.790039
9/8/2023,BK-1216,133,0,0,0,0,0
10/8/2023,BK-1216,92,10/8/2023,3312.629883,3324.330078,3301.100098,3322.929932
11/8/2023,BK-1216,87,11/8/2023,3319.850098,3294.280029,3294.280029,3294.280029
12/8/2023,BK-1216,163,0,0,0,0,0
13/8/2023,BK-1216,5,0,0,0,0,0
14/8/2023,BK-1216,96,14/8/2023,3262.939941,3247.699951,3247.699951,3247.699951
15/8/2023,BK-1216,40,15/8/2023,3232.73999,3263.22998,3228.340088,3232.73999
16/8/2023,BK-1216,81,16/8/2023,3213.580078,3227.090088,3198.23999,3213.580078
17/8/2023,BK-1216,52,17/8/2023,3196.75,3205.860107,3182.540039,3196.75
18/8/2023,BK-1216,63,18/8/2023,3173.929932,3186.310059,3166.600098,3173.929932
19/8/2023,BK-1216,145,0,0,0,0,0
20/8/2023,BK-1216,6,0,0,0,0,0
21/8/2023,BK-1216,106,21/8/2023,3171.679932,3154.030029,3154.030029,3154.030029
22/8/2023,BK-1216,50,22/8/2023,3165.050049,3159.879883,3159.879883,3159.879883
23/8/2023,BK-1216,96,23/8/2023,3153.590088,3174.179932,3174.179932,3174.179932
24/8/2023,BK-1216,61,24/8/2023,3187.72998,3180.719971,3180.719971,3180.719971
25/8/2023,BK-1216,90,25/8/2023,3173.570068,3189.879883,3189.879883,3189.879883
26/8/2023,BK-1216,144,0,0,0,0,0
27/8/2023,BK-1216,6,0,0,0,0,0
28/8/2023,BK-1216,130,28/8/2023,3200.050049,3213.679932,3213.679932,3213.679932
29/8/2023,BK-1216,101,29/8/2023,3222.97998,3223.090088,3223.090088,3223.090088
30/8/2023,BK-1216,102,30/8/2023,3237.419922,3239.699951,3214.889893,3220.219971
31/8/2023,BK-1216,82,31/8/2023,3221.669922,3239.149902,3216.52002,3233.300049
1/9/2023,BK-1216,155,0,0,0,0,0
2/9/2023,BK-1216,206,0,0,0,0,0
3/9/2023,BK-1216,8,0,0,0,0,0
4/9/2023,BK-1216,139,4/9/2023,3240.530029,3245.290039,3234.110107,3238.969971
5/9/2023,BK-1216,90,5/9/2023,3231.389893,3233.840088,3214.629883,3226.830078
6/9/2023,BK-1216,123,6/9/2023,3238.179932,3245.179932,3210.48999,3222.879883
7/9/2023,BK-1216,80,7/9/2023,3221.469971,3226.590088,3226.590088,3226.590088
8/9/2023,BK-1216,132,8/9/2023,3216.590088,3207.75,3207.75,3207.75
9/9/2023,BK-1216,220,0,0,0,0,0
10/9/2023,BK-1216,8,0,0,0,0,0
11/9/2023,BK-1216,136,11/9/2023,3218.280029,3221.179932,3200.419922,3218.280029
12/9/2023,BK-1216,71,12/9/2023,3219.389893,3214.459961,3214.459961,3214.459961
13/9/2023,BK-1216,103,13/9/2023,3218.929932,3223.600098,3204.840088,3218.929932
14/9/2023,BK-1216,84,14/9/2023,3225.129883,3249.51001,3249.51001,3249.51001
15/9/2023,BK-1216,103,15/9/2023,3263.219971,3289.070068,3259.350098,3280.689941
16/9/2023,BK-1216,182,0,0,0,0,0
17/9/2023,BK-1216,6,0,0,0,0,0
18/9/2023,BK-1216,117,18/9/2023,3285.149902,3263.389893,3263.389893,3263.389893
19/9/2023,BK-1216,82,19/9/2023,3240.75,3266.469971,3235.959961,3240.75
20/9/2023,BK-1216,98,20/9/2023,3245.75,3249.76001,3227.639893,3242
21/9/2023,BK-1216,80,21/9/2023,3202.810059,3236.51001,3199.909912,3202.810059
22/9/2023,BK-1216,98,22/9/2023,3204.820068,3211.110107,3179.330078,3204.820068
23/9/2023,BK-1216,190,0,0,0,0,0
24/9/2023,BK-1216,8,0,0,0,0,0
25/9/2023,BK-1216,133,25/9/2023,3215.399902,3222.120117,3195.679932,3215.399902
26/9/2023,BK-1216,77,26/9/2023,3211.810059,3215.070068,3215.070068,3215.070068
27/9/2023,BK-1216,81,27/9/2023,3199.379883,3200.840088,3184.780029,3200.030029
28/9/2023,BK-1216,88,28/9/2023,3199.919922,3206.98999,3206.98999,3206.98999
29/9/2023,BK-1216,74,29/9/2023,3217.409912,3228.669922,3212.530029,3217.409912
30/9/2023,BK-1216,151,0,0,0,0,0
1/10/2023,BK-1216,0,0,0,0,0,0
2/10/2023,BK-1216,135,2/10/2023,3226.530029,3208.860107,3208.860107,3208.860107
3/10/2023,BK-1216,83,3/10/2023,3192.350098,3197.120117,3176.48999,3192.350098
4/10/2023,BK-1216,101,4/10/2023,3163.330078,3147.389893,3147.389893,3147.389893
5/10/2023,BK-1216,75,5/10/2023,3155.100098,3174.98999,3145.659912,3155.100098
6/10/2023,BK-1216,117,6/10/2023,3158.100098,3179.939941,3155.860107,3174.389893
7/10/2023,BK-1216,198,0,0,0,0,0
8/10/2023,BK-1216,8,0,0,0,0,0
9/10/2023,BK-1216,131,9/10/2023,3165.719971,3174.840088,3157.449951,3166.51001
10/10/2023,BK-1216,83,10/10/2023,3185.840088,3202.830078,3182.469971,3199.070068
11/10/2023,BK-1216,116,11/10/2023,3192.870117,3214.23999,3185.050049,3192.870117
12/10/2023,BK-1216,81,12/10/2023,3218.689941,3232.090088,3202.149902,3218.689941
13/10/2023,BK-1216,99,13/10/2023,3192.330078,3185.790039,3185.790039,3185.790039
14/10/2023,BK-1216,200,0,0,0,0,0
15/10/2023,BK-1216,2,0,0,0,0,0
16/10/2023,BK-1216,121,16/10/2023,3163.889893,3179.389893,3157.629883,3163.889893
17/10/2023,BK-1216,93,17/10/2023,3185.790039,3171.830078,3171.830078,3171.830078
18/10/2023,BK-1216,99,18/10/2023,3167.629883,3136.620117,3136.620117,3136.620117
19/10/2023,BK-1216,84,19/10/2023,3111.780029,3099.600098,3099.600098,3099.600098
20/10/2023,BK-1216,104,20/10/2023,3076.689941,3100.439941,3074.070068,3076.689941
21/10/2023,BK-1216,196,0,0,0,0,0
22/10/2023,BK-1216,6,0,0,0,0,0
23/10/2023,BK-1216,114,23/10/2023,3065.899902,3053.360107,3053.360107,3053.360107
24/10/2023,BK-1216,61,24/10/2023,3083.879883,3087.699951,3053.179932,3083.879883
25/10/2023,BK-1216,114,25/10/2023,3091.560059,3078.780029,3078.780029,3078.780029
26/10/2023,BK-1216,71,26/10/2023,3070.709961,3071.310059,3071.310059,3071.310059
27/10/2023,BK-1216,113,27/10/2023,3076.949951,3061.850098,3061.850098,3061.850098
28/10/2023,BK-1216,208,0,0,0,0,0
29/10/2023,BK-1216,5,0,0,0,0,0
30/10/2023,BK-1216,116,30/10/2023,3064.290039,3070.189941,3041.669922,3064.290039
31/10/2023,BK-1216,100,31/10/2023,3067.73999,3086.389893,3053.120117,3067.73999
1/11/2023,BK-1216,129,1/11/2023,3076.77002,3081.649902,3068.560059,3076.77002
2/11/2023,BK-1216,85,2/11/2023,3082.48999,3106.76001,3076,3082.48999
3/11/2023,BK-1216,124,3/11/2023,3106.939941,3143.659912,3143.659912,3143.659912
4/11/2023,BK-1216,234,0,0,0,0,0
5/11/2023,BK-1216,4,0,0,0,0,0
6/11/2023,BK-1216,124,6/11/2023,3162.360107,3180.530029,3153.629883,3180.530029
7/11/2023,BK-1216,96,7/11/2023,3168.179932,3177.22998,3153.48999,3173.810059
8/11/2023,BK-1216,114,8/11/2023,3159.040039,3161.110107,3121.51001,3129.719971
9/11/2023,BK-1216,76,9/11/2023,3127.969971,3150.26001,3127.01001,3135.320068
10/11/2023,BK-1216,93,10/11/2023,3119.469971,3121.26001,3100.379883,3106.679932
11/11/2023,BK-1216,224,0,0,0,0,0
12/11/2023,BK-1216,4,0,0,0,0,0
13/11/2023,BK-1216,145,0,0,0,0,0
14/11/2023,BK-1216,72,14/11/2023,3107.679932,3117.389893,3090.48999,3104.659912
15/11/2023,BK-1216,102,15/11/2023,3140.52002,3145.810059,3116.639893,3132.120117
16/11/2023,BK-1216,57,16/11/2023,3126.169922,3140.040039,3101.27002,3133.050049
17/11/2023,BK-1216,102,17/11/2023,3123.169922,3128.52002,3110.360107,3124.669922
18/11/2023,BK-1216,187,0,0,0,0,0
19/11/2023,BK-1216,5,0,0,0,0,0
20/11/2023,BK-1216,134,20/11/2023,3116.540039,3120.209961,3100.439941,3111.580078
21/11/2023,BK-1216,56,21/11/2023,3113.800049,3114.540039,3092.080078,3096.340088
22/11/2023,BK-1216,96,22/11/2023,3096.379883,3119.600098,3093.310059,3114.919922
23/11/2023,BK-1216,83,23/11/2023,3099.100098,3116.840088,3098.159912,3111.75
24/11/2023,BK-1216,97,24/11/2023,3111.75,3111.820068,3091.98999,3094.810059
25/11/2023,BK-1216,158,0,0,0,0,0
26/11/2023,BK-1216,6,0,0,0,0,0
27/11/2023,BK-1216,114,27/11/2023,3092.110107,3102.590088,3078.570068,3086.419922
28/11/2023,BK-1216,81,28/11/2023,3087.189941,3089.550049,3061.600098,3065.939941
29/11/2023,BK-1216,81,29/11/2023,3078.310059,3094.610107,3075.899902,3084.699951
30/11/2023,BK-1216,65,30/11/2023,3085.719971,3086.439941,3067.300049,3072.98999
1/12/2023,BK-1216,135,1/12/2023,3081.25,3094.149902,3077.409912,3090.310059
2/12/2023,BK-1216,186,0,0,0,0,0
3/12/2023,BK-1216,4,0,0,0,0,0
4/12/2023,BK-1216,130,4/12/2023,3099.080078,3112.399902,3079.139893,3084.080078
5/12/2023,BK-1216,72,5/12/2023,3079.820068,3090.429932,3067.25,3077.159912
6/12/2023,BK-1216,109,6/12/2023,3081.830078,3087.23999,3067.419922,3087.23999
7/12/2023,BK-1216,72,7/12/2023,3075.699951,3079.800049,3052.350098,3074.26001
8/12/2023,BK-1216,117,8/12/2023,3079.830078,3111.110107,3078.540039,3110.72998
9/12/2023,BK-1216,194,0,0,0,0,0
10/12/2023,BK-1216,4,0,0,0,0,0
11/12/2023,BK-1216,126,11/12/2023,3106.629883,3108.040039,3078.820068,3090.199951
12/12/2023,BK-1216,58,12/12/2023,3099.189941,3109.060059,3088.080078,3102.310059
13/12/2023,BK-1216,102,13/12/2023,3099.090088,3108.01001,3095.699951,3104.26001
14/12/2023,BK-1216,89,14/12/2023,3124.219971,3139.97998,3118.659912,3122.949951
15/12/2023,BK-1216,95,15/12/2023,3127.72998,3128.639893,3106.72998,3116.51001
16/12/2023,BK-1216,207,0,0,0,0,0
17/12/2023,BK-1216,4,0,0,0,0,0
18/12/2023,BK-1216,127,18/12/2023,3098.620117,3118.070068,3086.439941,3113.22998
19/12/2023,BK-1216,66,19/12/2023,3105.199951,3127.26001,3103.370117,3116.620117
20/12/2023,BK-1216,108,20/12/2023,3129.199951,3129.52002,3106.659912,3108.030029
21/12/2023,BK-1216,77,21/12/2023,3101.669922,3121.719971,3093.709961,3112.5
22/12/2023,BK-1216,102,22/12/2023,3123.139893,3145.22998,3122.050049,3140.320068
23/12/2023,BK-1216,210,0,0,0,0,0
24/12/2023,BK-1216,5,0,0,0,0,0
25/12/2023,BK-1216,159,0,0,0,0,0
26/12/2023,BK-1216,94,26/12/2023,3147.110107,3147.110107,3132.139893,3139.97998
27/12/2023,BK-1216,79,27/12/2023,3147.860107,3176.540039,3139.800049,3170.76001
28/12/2023,BK-1216,51,28/12/2023,3191.060059,3214.399902,3214.399902,3214.399902
29/12/2023,BK-1216,84,29/12/2023,3220.77002,3250.050049,3216.97998,3240.27002
30/12/2023,BK-1216,165,0,0,0,0,0
31/12/2023,BK-1216,4,0,0,0,0,0
