date,DCC0040180,DCC0040330,DCC0040500,FX00020200,FX00020251,FX00020500,FX00020750,FX00021001,FX00022000,FXC0020180,FXC0020200,GIC0120300,KO00010200,KO00010251,KO00010300,KO00010500,KO00010750,KO00011001,KO00012000,KOC0010180,KOC0010200,KOC0010330,KS00100300,KS00100750,KW00110500,KW00111000,LX00060200,LX00060251,LX00060300,LX00060500,LX00060600,LX00060750,LX00061001,LX00062000,LXC0060180,LXC0060200,MM00181001,MON0330350,MZ00090600,MZ00091200,MZ00091751,SP00030200,SP00030251,SP00030300,SP00030500,SP00030750,SP00031001,SP00032000,SPC0030180,SPC0030200,SSW0100300,STW0110300,TU00050200,TU00050251,TU00050500,TU00050750,TU00051001,TU00052000,TUC0050180,TUC0050200,ZKC0700180,ZKC0700300
2021/4/4,2430,100,2428,360,4805,2576,1476,615,10958,644,516,365,1091,21174,1205,17080,15889,11019,51071,4926,2503,300,186,33,413,24142,1458,17245,1823,10157,126,7916,10717,34996,813,610,1557,27,7198,6159,11400,535,8825,880,5433,560,465,10877,1140,600,100,495,140,15357,2731,4266,2037,5906,3497,652,612,382
2021/4/11,6877,0,8781,525,9445,5591,5821,3559,28958,1073,1369,111,7676,45161,2342,24246,24906,39457,96700,6661,6907,0,33,19008,681,49044,3595,34371,2250,16971,470,20075,18768,78232,1783,1421,1574,1050,14233,9627,18162,1355,9239,1171,9457,10301,26,23862,3128,3483,20,0,430,16793,4377,4152,2546,8743,4150,1796,499,1885
2021/4/18,4571,0,3699,380,4190,5377,3014,3071,24431,776,227,21,18747,31379,1306,24104,22871,36676,117890,5475,3877,0,0,12606,1169,47180,3435,34081,2098,16908,390,16125,19754,63865,1429,346,1138,1240,15842,16993,23151,835,12936,1306,6158,7056,10197,21610,1545,959,59,0,2120,13504,3390,4115,2614,10931,3331,1231,540,770
2021/4/25,1915,0,2186,395,6411,2016,831,2060,11672,179,58,100,11784,24420,5660,11829,13947,26443,84256,3129,2325,0,0,11948,645,42136,2020,21087,2078,11465,0,10855,14722,103280,600,205,684,35,15700,14049,39721,1100,6035,1201,4881,3428,5677,16012,778,330,0,400,1046,14465,1590,1915,1296,10037,3928,752,629,651
2021/5/2,2308,0,1512,36,6502,2265,3074,1576,18083,678,108,68,9441,29875,2466,14016,16213,22741,58020,2698,804,0,0,16091,513,66597,2212,25748,2209,10624,126,12526,12828,46287,955,380,773,12,12113,8410,14494,506,10270,808,3500,4296,3606,14896,942,76,0,8,330,11142,1910,2551,721,5135,786,663,578,1384
2021/5/9,1138,100,1145,40,7267,3625,2726,208,19866,62,182,2,9980,31085,860,12540,20674,18065,51329,944,791,0,0,5953,537,33899,2530,35171,240,12130,0,16762,11837,45952,272,12,5,11,14692,14246,19722,695,9997,104,5975,3418,2317,13894,103,11,0,4,240,13928,3605,2452,914,10429,246,71,260,178
2021/5/16,1891,0,281,0,3587,1928,1587,115,10616,310,21,66,7031,38774,568,15555,21063,15980,36687,1505,1407,0,0,7403,261,8448,570,32449,767,11615,185,16054,10475,26355,540,49,0,424,8179,7206,11932,20,6742,104,3740,3757,2485,7204,415,184,10,8,50,13414,1410,745,715,3499,697,281,1417,1453
2021/5/23,1202,0,3872,70,2067,1027,1238,42,14361,101,112,61,7770,49965,765,15174,23094,27992,50786,2129,1303,0,0,12781,1121,10364,550,39507,212,11694,1568,15058,11615,33820,140,411,0,116,14244,13082,17664,70,17558,63,5360,3604,3894,10635,316,190,0,2,0,13989,2062,1115,2205,5070,1846,656,517,438
2021/5/30,2542,0,3909,70,2887,5362,422,3430,18976,449,11,248,8204,59181,1120,22912,28799,36830,70211,2295,976,0,0,30584,219,13149,690,53899,192,12216,387,17973,21437,44314,168,51,121,389,12523,9896,10064,80,19736,16,5870,4804,3059,9593,745,183,0,0,0,20459,4851,3646,804,3103,1904,80,855,422
2021/6/6,2876,0,1369,157,13456,4516,3366,2824,16542,781,49,70,12094,34053,2630,15496,14487,38545,65317,4115,4165,0,0,14661,584,25652,2335,46918,703,12779,0,11535,18392,45581,1186,362,13,634,14530,11374,19894,330,14852,554,8385,4425,6088,17195,1387,429,0,192,70,33451,6277,5043,3051,6956,4633,1078,1431,3145
2021/6/13,5573,0,4579,690,8713,7075,5007,2344,16458,632,37,3,12893,24297,5393,25161,37695,49049,72815,5126,3260,0,400,4628,773,48595,4547,26708,819,19595,0,25119,25860,56057,1011,145,6118,38,17964,18545,30179,1305,8432,568,9988,7428,8809,17613,1813,272,0,3,1917,16634,5585,5714,730,7483,587,516,2385,1681
2021/6/20,2179,0,3712,1535,12504,5545,2653,126,19075,93,364,105,3215,34241,3032,25308,27385,45233,72241,3951,4427,0,1588,41773,1181,42881,4728,40998,761,13710,0,18349,24995,53082,849,392,1689,172,18250,12492,29546,4395,13399,917,10872,8215,3107,16948,1491,1293,0,10,1715,17356,3957,4250,206,7272,214,869,2259,1246
2021/6/27,317,0,5317,320,9511,5101,3694,0,21302,1393,289,95,26870,33371,2276,26642,28909,51493,88600,2694,4405,20,711,26567,920,94766,4603,34040,43,17894,378,17599,21538,63290,1442,306,5,65,17031,14756,23339,1130,13744,53,12700,7516,9939,12522,1292,891,275,248,970,15864,4284,4071,72,8075,10,705,3189,2191
2021/7/4,0,0,844,1544,14069,5834,758,0,24610,648,699,25,9315,32466,1720,24473,20101,37968,98107,915,3275,0,797,18030,2140,71529,4025,45230,0,21300,0,14070,28462,77656,1348,204,905,127,18932,19246,21608,1040,13896,77,11635,5640,695,24440,1305,1373,220,55,1652,23693,4725,3956,0,7820,1,1060,1532,669
2021/7/11,7776,0,3511,1067,13174,5898,5839,5478,28543,1062,400,508,11921,40188,1904,17907,28731,48989,103339,8893,4127,0,267,24387,1572,67853,513,39004,554,15596,340,19200,26658,83693,1483,607,2705,836,14468,13111,22045,756,19468,0,10609,8757,10246,26584,1323,910,20,569,458,30945,5744,5890,6586,8153,0,1283,671,361
2021/7/18,4506,0,5699,325,912,5785,383,847,23470,963,477,59,5635,39206,1133,35650,18775,50552,80116,2761,7516,200,375,16228,1490,62883,3587,41068,1509,14958,315,12507,15418,75768,986,367,3271,211,18961,25984,18563,800,16612,0,12720,1974,3059,12381,1633,1302,90,24,3695,11184,4811,3242,358,3415,6449,1100,891,2054
2021/7/25,4988,0,4816,140,9462,3090,3572,4897,10660,790,343,92,17395,26786,6941,18765,19036,32590,36957,3603,3499,0,43,20275,1384,89072,3125,35326,1492,15489,454,10100,20518,31387,1417,485,1010,622,7590,7481,10093,630,9054,177,8836,6567,11466,13171,1537,1712,266,25,0,24870,4050,4055,6741,8114,6681,2030,332,1390
2021/8/1,1711,0,577,110,5613,4411,1140,3365,6672,848,385,0,9683,37711,63,22401,15601,36459,28680,4895,3933,150,1118,18572,2813,63126,3027,30183,3392,9735,0,8354,13338,18009,1102,147,422,179,11691,15626,8269,825,11385,4220,10932,4265,8707,8670,1230,1206,25,1,1970,14507,3084,3358,3439,4612,2642,606,835,896
2021/8/8,2450,0,3542,123,13347,4950,3311,2901,10712,390,196,23,9938,36396,0,22078,17135,34681,38516,4667,5858,100,215,18078,1678,45000,1413,45587,2384,12377,270,10225,14901,28487,907,459,758,162,11472,9236,9669,290,12899,1160,11294,4207,11252,11522,1074,1364,1,19,400,36724,4855,4769,6785,8600,4850,898,750,324
2021/8/15,4529,0,4651,475,10491,2790,2268,2500,14164,737,250,23,14760,48160,6565,20101,23810,35156,24118,6208,8465,95,746,19977,1485,64049,970,44296,1866,12036,50,11184,19357,40737,999,400,465,612,6598,4713,8770,2541,15741,856,6338,5537,6787,13592,2039,864,31,66,415,14073,3325,3018,4810,5137,5925,4163,525,3427
2021/8/22,4879,0,4144,218,9780,1435,2237,1530,12386,878,106,350,8378,57198,4954,18184,24939,42160,2379,4043,3890,50,508,16860,1687,61955,2112,44668,1120,11154,604,13915,22629,43215,752,365,973,123,7084,4569,9512,1135,15103,597,3408,4504,5394,12334,3993,2237,11,371,800,21853,3325,2687,2869,5355,2416,4335,968,152
2021/8/29,5368,0,5688,110,8424,1700,2691,1319,11378,631,201,0,10105,45935,533,20292,33394,43920,52173,8207,6690,3020,96,18030,2384,57663,2896,44405,1193,12873,195,16222,17579,36131,1216,207,1108,608,8401,8058,10907,68,18365,715,7528,6837,8507,12635,1178,1626,0,4,3065,28116,3300,4369,5094,7193,6233,1723,468,3186
2021/9/5,2539,0,2651,400,12448,3678,1404,3221,11010,655,1075,0,8845,50685,3315,19688,14581,35751,41700,5438,4436,0,56,10429,731,35712,2394,59192,1600,10614,478,8090,16748,26802,1235,605,452,313,7035,5313,8606,1490,18679,794,7124,3123,5815,9697,3604,652,258,637,2022,32930,3186,2706,5258,5957,1899,1662,259,544
2021/9/12,1198,0,2624,405,10237,2650,2003,2219,9978,931,1080,0,15240,56707,854,19375,18421,42258,2271,4613,5895,1475,24,9072,2083,70694,2245,46063,779,10935,440,9339,14375,25307,982,41,1140,276,7548,6283,10130,914,14572,261,6916,3692,6286,9007,4148,1779,38,36,605,7871,4035,2985,4219,5330,1337,1198,112,109
2021/9/19,2,0,448,125,9552,1670,1922,1517,6758,211,429,0,11218,49705,3325,17447,22579,29432,1734,4371,6086,1144,702,10933,3618,56237,840,33806,845,6670,41,10652,9867,19261,805,354,2584,141,6510,4388,7118,900,16832,1074,5090,3882,4789,6202,1748,1758,0,0,395,4175,2010,1969,3075,4147,434,993,1138,14
2021/9/26,5120,0,4290,560,9997,1565,413,1455,6672,62,184,0,6940,54645,6307,16875,16703,29598,1862,3308,5753,1015,274,11527,2093,49080,5170,23297,742,7805,685,6812,10594,19795,1234,248,531,555,6549,6822,7811,1155,20527,1080,5365,4082,4852,7463,1245,855,20,20,628,8885,3646,2792,3526,4969,2190,474,2451,53
2021/10/3,1738,0,2601,200,3141,1410,236,1063,5733,32,74,720,7445,50766,1824,17635,16432,27711,2554,4929,3902,0,285,11090,1454,37615,480,31608,1489,6935,30,7206,10151,16251,871,225,774,193,4738,3415,5813,670,11519,664,3420,2278,2843,5498,233,1205,37,720,820,15676,1720,1999,2686,3050,4038,791,677,3470
2021/10/10,4836,0,9221,195,7251,1733,1769,1856,12366,51,23,196,8550,45840,3858,19680,20061,34311,2116,6044,8289,684,653,13363,1061,83986,844,38676,964,10335,100,9988,15072,27893,498,188,676,211,3747,3616,3338,879,11241,818,4440,3554,4906,9449,1625,2082,51,5,1459,22295,3345,3174,4873,6763,5165,1897,379,698
2021/10/17,7999,0,5728,140,7311,1371,1879,1075,14874,9,5,352,10000,47978,2007,16429,17782,33455,45947,8864,6285,1160,224,11408,1431,67850,475,31518,676,6564,97,8357,10938,32151,131,82,539,87,1223,3721,961,495,10249,540,4384,2342,4847,11064,1601,1467,270,46,583,12198,2195,2695,2734,5253,2464,1279,49,3474
2021/10/24,608,0,4644,239,4362,600,1141,879,9679,11,1300,425,12130,32213,2738,14215,14873,31609,42292,9639,7166,250,392,1032,1828,47239,303,26339,308,5700,415,6650,6380,20253,78,377,870,303,7210,4568,5065,720,8570,222,2350,3611,2111,7531,1142,1437,72,555,1050,14022,1985,2787,2616,5621,471,900,10,590
2021/10/31,1810,0,3236,165,4472,275,702,308,5296,3,425,132,5293,45031,3126,11432,11503,16492,17500,4319,6554,200,259,912,36,45930,5597,26048,977,3315,80,3037,3666,11821,13,435,355,97,2090,1185,2843,634,7586,25,2750,1562,1251,4401,282,1338,16,44,695,7676,1495,1440,1346,3144,196,640,0,1367
2021/11/7,4093,0,994,13,1655,423,374,132,3365,0,116,0,400,11109,1585,4485,5604,6687,8443,2896,581,5,0,685,3,27640,55,8013,77,975,0,1667,1787,6142,0,100,17,57,1383,1309,802,163,2284,333,585,407,821,2388,69,496,0,0,60,6868,605,1132,1425,2016,5345,89,1376,2699
2021/11/14,6427,0,8169,90,3822,380,839,509,10742,6,547,92,1360,26276,1758,10088,14263,17450,37324,8999,5042,2898,0,1291,253,65781,1220,14495,280,3492,687,4449,3223,17491,6,742,71,145,2567,1960,2434,1020,5237,502,1657,2213,1072,4454,1569,1779,15,119,120,10382,1160,2074,1996,3907,5927,2619,1993,2868
2021/11/21,4028,0,3948,40,3060,465,424,251,9601,5,43,197,3470,23206,1247,7073,8941,9642,27976,5050,5251,0,0,1068,1375,52483,270,14433,107,3072,25,2791,2055,14140,0,266,258,469,1921,1888,988,500,5242,155,1520,1255,990,3672,1511,1343,37,201,180,6825,1465,1601,1208,3743,3393,903,1350,1947
2021/11/28,2236,0,3065,45,1430,240,527,208,8405,0,0,312,4070,32725,2346,4138,11106,11564,31152,3529,3183,100,0,897,630,53106,175,13316,107,2103,191,2696,1550,16770,1,214,81,389,1294,1102,1257,115,4362,68,1630,896,798,5358,1081,1464,210,215,140,6117,1231,545,1117,3369,2448,407,1254,1925
2021/12/5,5020,0,1828,15,1430,200,268,22,9238,614,1850,117,1385,20384,741,7789,7357,6569,28863,3908,4399,1220,637,829,1170,54513,1210,7742,65,2186,0,1324,990,14662,1297,693,2722,114,1147,1311,647,305,3762,90,1345,1077,1273,2714,953,186,14,25,165,7934,953,1317,839,3494,2470,2265,1426,342
2021/12/12,2978,0,3652,665,3270,293,394,104,5141,192,316,93,2715,22312,1765,6987,9584,10138,14090,3703,6381,234,635,1375,588,99747,925,11705,1237,1810,0,691,1320,9526,519,599,219,415,1816,75,490,230,4733,228,1413,3931,782,3842,2272,60,300,333,80,11496,1239,4546,1190,3397,3508,582,369,5134
2021/12/19,2141,0,536,1015,1639,290,213,22,1450,77,46,256,650,24665,1974,3565,8984,5076,6744,3558,4067,1210,60,5506,300,72078,961,8913,173,1606,173,1180,773,3633,123,151,3,520,426,60,298,62,3458,98,1435,995,330,1128,483,18,108,171,50,2428,1060,905,561,1610,1503,393,847,241
2021/12/26,178,156,37,119,884,83,0,2,1146,1,5,101,700,10716,537,244,4061,1590,3197,1285,3696,250,55,2178,169,26918,412,4326,0,781,126,931,315,1415,10,264,0,76,153,70,375,42,1208,65,457,265,187,423,158,2497,0,251,12,1393,561,0,114,447,569,1671,697,4578
2022/1/2,2047,5,4156,0,2172,470,0,165,932,0,0,196,2530,17709,0,2702,11212,7370,7953,2476,1905,681,0,1535,371,49914,0,8450,0,2088,0,1980,1301,2172,1,127,0,98,261,36,176,60,12821,80,370,187,504,1104,587,365,140,73,10,9211,1085,0,705,1360,945,1695,539,7154
2022/1/9,3870,50,6477,0,2145,742,100,39,2015,2,2,303,1560,32782,0,9385,16822,13116,13708,7724,5326,250,0,895,220,37843,385,15762,0,2576,297,5642,1534,3566,7,239,104,566,2675,189,287,60,36038,96,2743,3805,1371,2378,2207,2487,60,500,230,30960,3002,4742,2493,2053,1758,1514,849,5231
2022/1/16,2475,30,8367,1,557,860,968,676,1636,0,13,1350,3675,49514,8217,16241,17319,17297,9508,3783,7761,1126,1,12392,1238,61951,0,23843,0,1283,170,5432,1217,3841,0,59,6,65,4709,4214,178,90,56165,97,3067,4914,3689,2695,1121,1467,440,1111,140,44677,3036,4589,2194,2988,1943,809,471,2583
2022/1/23,1320,0,2112,0,2316,572,294,92,994,1012,336,12,3590,13518,1393,3275,3621,4204,6915,3427,987,60,0,6402,632,37131,20,6673,360,1820,0,1040,544,1932,0,161,0,280,1343,1775,6,20,4618,601,655,599,1045,1010,981,407,50,39,40,4148,1870,772,524,824,231,1037,996,584
2022/1/30,4764,0,1838,0,2413,100,428,81,5780,1201,341,315,2520,13703,1206,4800,6369,6110,26099,5278,4920,292,1512,13000,141,25567,110,6024,862,964,0,2305,1350,10672,2134,390,0,112,1128,731,0,60,17986,387,765,647,304,2894,1525,1436,273,434,60,44857,705,809,828,1048,3031,591,447,621
2022/2/6,4722,50,3378,0,5130,1830,823,673,10421,314,789,392,7512,22820,1485,7242,10531,10759,40154,6894,4288,1045,744,11831,672,43133,430,10293,1204,3075,30,4715,4343,24423,874,391,55,477,7397,3943,14894,185,10312,411,1801,1744,3388,9755,1838,2172,295,454,135,42275,2180,1335,2022,2481,1871,1426,419,421
2022/2/13,3009,59,3538,0,10870,2046,1915,1918,13425,105,396,828,3265,65086,1315,24165,25542,16386,58476,7446,4734,1910,198,15966,678,53121,295,41035,271,15322,216,11824,9385,29004,1453,567,152,1772,9588,6737,15377,145,45366,569,6180,4613,3817,11070,2263,933,231,526,110,109752,4479,4292,4079,4890,2506,1634,1146,2541
2022/2/20,5062,0,3901,272,7952,5775,1585,2075,18942,117,728,1319,7995,28779,2056,24991,22833,23185,66318,10145,9264,951,213,21815,261,62607,1142,24940,204,14557,438,13149,10906,39102,876,1341,137,201,7505,8357,15878,347,14767,656,5401,4672,4001,12163,2753,2421,331,826,361,21806,4465,2909,2369,8266,4016,2486,502,884
2022/2/27,5104,0,5292,207,7722,1835,2788,1871,18454,3508,1463,636,10483,38528,1746,8575,11259,23299,59256,10974,9791,1232,103,16068,1146,80243,593,25306,870,6913,136,6541,10286,36370,3380,1182,97,124,10601,7007,7894,533,12720,432,2480,3170,4020,12221,3581,3056,262,393,1073,26877,1889,3414,3529,5003,2401,3496,2475,5601
2022/3/6,1937,0,6658,74,6581,705,2481,2956,13619,282,1320,357,6937,41893,1244,14610,16062,17727,61822,5788,7935,950,0,14457,7618,66361,318,26888,1365,8830,684,8662,10101,31157,1120,837,262,890,8769,6471,4638,392,10085,9,4215,4069,5590,11658,3029,1665,275,451,3264,14832,1010,3222,3385,5882,4059,3475,884,580
2022/3/13,6797,0,9526,223,7826,4070,3855,2783,16505,3477,1077,1133,6068,47237,3176,22712,24687,33869,83882,11771,10287,1518,722,11788,1115,54762,413,51591,1665,14454,322,11529,13847,42346,1201,1401,162,318,8101,8010,30096,539,23758,921,6510,4889,6038,13160,6788,4240,356,69,270,36399,8841,3373,4167,5676,11323,4163,875,3181
2022/3/20,3606,0,2526,87,15835,7121,3207,4353,15481,1994,1026,64,10790,45821,47,14014,21155,21661,75851,7519,4252,1813,449,18502,1258,73357,491,34551,1493,13165,505,11127,16025,38937,1517,955,32,570,18309,8901,20576,413,13076,1599,5136,5772,7629,16252,2787,1293,160,15,159,18463,5529,3593,3796,8794,6402,1311,901,4925
2022/3/27,5006,0,7994,363,9182,3403,4399,5151,31426,859,1371,150,4294,61060,2106,21093,32078,57458,96904,14651,9875,969,194,19203,1376,125148,676,45092,1005,19143,506,19402,24820,74972,1674,754,115,745,28872,23380,24034,500,21886,922,4307,8156,11158,25254,7622,2886,230,2127,670,17293,4716,4762,6746,12903,6957,3192,1794,3922
2022/4/3,4057,0,3510,177,26863,5010,640,6719,10724,17,1074,105,12122,73034,1431,16438,29520,34747,105983,15614,8386,2260,0,6486,1305,69655,657,51016,1414,16504,286,18829,29366,74103,434,652,161,217,34416,24375,32380,439,26447,718,5212,32186,14947,22106,8527,3032,510,2042,349,19787,4122,1777,8120,10445,10756,1193,971,1792
2022/4/10,8205,0,13978,220,12404,7160,11734,4005,35741,39,1374,1100,12043,84220,2016,27740,37413,65675,109609,13017,18049,2452,6,4608,580,57085,2142,77413,1630,23152,972,26667,26653,87083,3171,1196,90,369,35250,35070,41348,442,26792,1450,10683,1941,13536,31202,4750,7950,880,398,5461,27800,5956,24595,11120,11557,7393,10951,965,5017
2022/4/17,8665,0,8814,396,196,8577,3526,6195,13070,4063,4323,3623,17418,97746,72,37504,33278,59976,125041,14362,10360,1266,24,21409,2927,54957,2404,85682,3361,31105,604,11764,51560,119213,2606,1002,7,704,47920,27161,82272,764,36850,1370,10546,1088,9956,24449,4657,5918,250,5,1153,24341,6224,6566,6149,19353,6644,3105,1825,3961
2022/4/24,5733,0,973,455,27921,2135,307,1333,48502,2048,2314,1299,11938,59895,1558,26061,15883,68031,141475,9969,9980,1105,0,5380,1444,49308,3551,36290,1233,9850,592,38150,27242,77223,283,879,0,348,26913,32181,47604,2382,9974,2129,2885,21300,5057,35855,3953,3231,50,29,2574,24674,3769,17103,11944,15222,9592,2997,1324,3688
2022/5/1,2718,0,13465,309,6339,3292,3626,4911,25264,1167,1966,60,13319,62819,3176,25906,43630,55345,99129,10839,7007,1700,512,30740,1643,44036,2551,71845,1431,16755,869,24549,51926,90677,16,1549,0,130,2634,14908,2025,1277,28292,1220,9099,27508,10075,32646,389,2891,155,4300,2087,14562,4604,1606,6823,7259,2616,3279,2237,5610
2022/5/8,10176,0,8260,477,23,11106,13291,9936,38310,4180,1506,87,8153,69774,2231,30574,36572,70503,120965,12776,6379,338,780,21466,1262,56238,2367,66322,2461,27463,1294,12527,55790,98556,3714,633,0,365,25865,18200,43232,833,6994,1306,7829,18880,16736,48999,3433,1780,210,4077,897,28282,5681,41701,10058,27219,6283,3031,1001,3180
2022/5/15,7968,0,2109,571,33500,6481,8480,11396,29211,1312,1741,5295,14602,80084,2915,34745,43953,85711,125615,15568,13905,3128,73,18290,1920,48830,1863,44870,2342,26455,972,41354,54282,105708,4032,1375,0,827,37360,32645,86994,860,31564,940,11801,9879,27223,32892,5164,10635,341,383,1257,45096,7309,11512,8558,14241,201,5435,1692,7919
2022/5/22,8296,0,12724,447,799,9986,14993,14581,34352,4225,2902,496,8445,62485,833,24743,41348,72828,116579,16638,13210,0,22,26206,564,46822,2198,77277,563,21933,1229,31850,60756,127189,1757,741,0,392,27492,7305,42189,835,28087,877,11239,15727,15509,22459,9920,5840,1800,85,616,34561,4288,2065,9524,20136,31,2558,3786,571
2022/5/29,5564,260,11574,504,31547,6521,5610,7404,12929,1841,944,329,14573,75166,1131,18020,30496,46773,97692,2044,11109,2885,0,13928,81,95923,2445,69874,437,13940,862,30606,29457,107159,2574,334,0,138,26273,6244,18770,1020,7445,143,9435,18656,10983,18781,3358,3008,1609,3572,1852,35574,4188,20479,10051,8657,9883,8088,1038,3628
2022/6/5,6667,135,5095,657,2681,5518,833,4429,11772,699,2138,557,11896,63989,2803,29867,41730,63075,121886,4699,16394,1605,0,21720,207,85887,2326,51872,879,16123,1320,23815,31392,90379,755,180,0,92,22318,15238,31070,1790,27778,217,12034,16993,14241,22911,1028,5404,225,1093,1456,26013,5945,18044,8104,19126,4803,7861,1118,3367
2022/6/12,6569,0,18683,711,18390,7561,9107,6135,37680,197,2341,1257,9837,68364,795,34875,49269,52916,146555,196,12686,3040,0,8713,900,57146,2175,54287,18,29081,1016,34379,49237,121281,3541,4490,0,980,20308,22703,32922,920,6912,18,12470,30858,12888,24093,92,7710,720,920,935,12179,6757,22141,7185,16495,12204,5831,933,2331
2022/6/19,2678,131,8306,1121,15120,1540,1582,7166,18066,33,1354,1738,11957,93695,897,34110,29185,71675,91210,0,19500,1500,0,25975,100,92806,3258,53891,176,19649,1458,22856,56354,85219,1114,1132,0,424,29514,30424,37610,1498,35618,126,12641,4457,22011,38124,174,8997,660,1299,1598,34373,6312,9815,7535,6608,3755,9376,971,2647
2022/6/26,79,165,7819,911,1308,3292,4736,4654,15492,5,894,1935,20890,37153,906,15917,34005,69357,50953,0,11845,3693,0,16278,0,140175,4106,65414,783,10564,562,12478,23120,33935,3159,1663,0,2084,18753,9342,18480,2252,28479,160,6815,6252,7993,11558,53,3135,140,1061,1842,30758,4650,18881,7979,5119,3271,5217,2065,4122
2022/7/3,11,35,8529,622,30471,5392,3838,3819,8309,0,364,776,13836,61261,929,23694,29762,56633,57758,0,7960,1387,613,16185,0,69353,2515,52420,761,12569,1651,16076,25053,37627,1203,2210,0,561,17861,9704,21164,779,5658,199,12074,18248,10218,11064,129,2136,286,540,1676,23434,4331,3793,5677,5666,834,2895,966,2280
2022/7/10,502,40,6984,289,21217,3294,3872,8711,13438,956,370,124,19092,65112,1304,20722,35677,67594,138540,1400,7833,1269,775,16359,105,74364,1697,50442,555,16469,1337,18003,35500,90753,414,1591,0,2194,24002,20706,20828,572,30039,198,12878,8486,6635,23970,0,2832,5,359,624,34825,4010,2619,7838,12354,155,3560,1377,3445
2022/7/17,0,0,5611,1015,11627,9018,6164,7973,13436,359,1909,9,17943,61432,1616,54705,68638,55601,47669,12882,13509,1466,0,16783,0,64742,3080,62781,469,17307,1184,35549,32666,29664,351,422,0,185,24928,20576,21924,1240,25025,33,19312,6731,19958,14517,0,2544,44,0,2636,39896,7667,8096,7845,5753,0,3173,487,960
2022/7/24,6001,0,8923,584,4858,2099,1591,3809,19595,499,1832,4429,17197,60827,1119,16641,13772,58866,65411,14316,9077,3411,0,12473,0,101428,2155,42199,318,9627,653,7556,22494,38526,34,487,0,264,25928,28790,14340,831,22844,0,11856,6040,10112,14633,7511,2730,54,0,4480,27549,5271,3245,7151,7928,1200,2771,2955,6638
2022/7/31,3012,0,6818,451,395,4655,1865,3415,6093,9,617,752,13902,48525,1487,21561,20161,56563,29733,15316,4581,1193,0,29444,0,60009,1568,55896,551,11568,590,6930,18294,15430,55,91,0,189,7962,17851,4114,1288,27551,73,8259,5010,7440,6708,3535,2058,10,84,2403,17013,3229,3250,3208,3585,5375,1604,13726,8613
2022/8/7,11633,0,6761,768,16752,2560,1513,1895,10356,1,1716,2745,12185,52813,2562,13837,15017,33679,49976,10839,9660,2110,0,11028,0,131136,1483,26669,716,6544,806,7202,13006,28447,31,98,0,326,6997,4747,8000,720,13282,0,6504,3301,6623,8278,7485,1131,0,2821,1810,21675,3180,3456,4793,4498,17521,2755,5,1497
2022/8/14,4984,0,1532,829,3888,2754,1283,4183,19304,4,611,1795,15560,93325,1042,41003,46837,61308,66980,14112,7233,350,0,14906,0,50048,2251,64809,215,17756,100,23568,25984,46318,20,21,0,222,9175,8858,11780,1256,20341,74,5202,4250,11241,14567,3973,3335,1837,3342,1080,24726,3334,1913,9962,12239,12536,3486,125,502
2022/8/21,9470,0,9008,1242,2211,693,3537,5097,11895,1039,1535,853,19039,76913,1966,19548,36805,66122,54565,10938,5224,557,0,12075,6803,51472,2279,39667,490,13015,302,19281,29136,34752,23,317,0,214,16656,10496,27718,1494,17901,387,1705,9052,10606,10353,3631,1599,425,1435,3089,27971,3827,2052,9983,4675,5564,2614,3428,3755
2022/8/28,10047,0,1577,236,16725,1890,3240,5132,5110,5345,2253,1397,15050,48933,1529,16541,18985,54446,70639,11621,11268,1014,0,13011,1131,94337,1375,58569,315,8230,0,9382,27623,40817,3900,2084,0,316,9918,3135,9509,1133,28908,578,2580,4975,2823,8599,3104,2519,190,1177,2342,34001,2435,2108,9494,5697,7195,2762,1687,5668
2022/9/4,2955,0,14414,230,11805,2923,2645,3482,18610,874,2010,102,14640,64416,311,13409,19549,47873,63123,8671,14880,2463,0,16359,214,43696,2225,44307,328,7778,891,11528,21000,38678,2120,513,0,664,8645,3747,8764,148,7703,281,4465,6245,10489,15309,2939,3509,8,51,1441,8505,2620,5702,4505,5464,4067,5182,691,1954
2022/9/11,8183,0,9773,878,5515,2755,4078,1171,13437,1874,872,172,17617,62940,1962,22649,26121,68600,85486,8454,15772,2230,1362,16423,198,95475,1924,56251,385,10740,1516,14949,31544,52735,1606,1342,0,699,9661,3659,11046,570,20275,355,5069,7563,5854,14777,1232,2175,591,39,2188,44022,3917,6023,3323,7645,3051,3314,615,4952
2022/9/18,7408,0,7577,1229,14256,1793,2514,779,2961,2126,1751,1776,18199,54018,1341,12031,39826,44619,55171,8253,6737,2929,23,24648,2123,39251,2617,34227,303,11288,939,15971,19956,31926,1915,637,0,988,12104,9582,10627,1671,16956,325,5060,6673,8553,13338,2648,1559,425,2830,3874,22648,3245,3517,2997,5970,3120,3078,504,940
2022/9/25,4534,0,6413,1064,5975,1550,655,3719,10945,807,599,2340,16923,32078,1350,30446,33851,28118,23293,7830,8612,164,0,15711,402,69849,783,23167,342,9366,548,11823,8291,11618,1170,698,0,380,3964,5057,3781,1121,5111,284,5370,5167,1545,6285,6530,1647,1116,3410,1354,10701,3520,4776,5122,4574,391,4512,1564,2811
2022/10/2,4827,0,4680,568,6097,306,438,2139,8916,688,784,714,18559,49146,2008,7713,11027,32068,22166,6685,3679,1332,48,9953,91,31666,1306,30491,180,1920,261,3269,7783,10090,1020,1189,0,583,5206,2593,3282,411,8351,130,1425,2011,1250,4875,771,3293,283,694,897,16243,806,1742,3219,4284,179,3779,53,3702
2022/10/9,4306,0,7124,452,6801,942,3513,2913,8770,105,514,2081,6644,62694,1081,29732,44702,53873,32966,6026,6653,691,1446,10948,138,30281,1166,31254,162,8455,808,12590,13485,15014,662,664,0,280,7155,4010,5446,470,11568,312,4857,5551,1691,7026,727,1423,431,1743,993,16677,2845,5249,5795,4035,6987,1276,513,361
2022/10/16,3215,0,1572,414,10273,635,1276,1293,9173,64,971,367,10582,94467,363,12603,18512,34740,53129,9330,7975,181,474,12565,0,108836,910,53191,139,3150,789,5141,8734,23440,1034,370,4070,402,4260,4093,3428,873,18325,165,1749,2835,4880,8461,833,961,27,262,1452,27910,2182,676,5630,5992,3279,818,939,144
2022/10/23,5879,0,6566,325,4321,710,915,1748,9071,550,1012,1201,16750,95464,2235,13579,20465,56291,46731,13295,4232,82,212,26975,169,39748,805,40365,187,4740,515,5509,11621,16587,512,656,0,65,5155,3611,2932,1165,13003,245,2157,3273,5560,6396,573,1269,58,10,2619,20731,2596,776,4483,2601,2831,2578,1216,5416
2022/10/30,3717,0,4005,117,1918,348,574,547,8990,3638,148,1302,11314,3253,810,7213,16163,31608,37942,3707,6167,3,327,15517,185,54549,189,12995,101,1905,282,4700,7857,15423,360,119,134,98,1817,2003,2143,135,4000,101,270,2719,2886,4337,1168,179,1078,2050,153,9321,1013,2079,2434,1360,2461,213,429,447
2022/11/6,5551,0,5402,207,2857,819,1019,1177,2696,1920,1609,2736,8898,59300,1271,7889,13486,31746,53098,4171,9117,1867,126,11234,1465,88824,704,12046,131,2289,234,4178,5962,23342,208,1122,35,141,3274,2487,3820,567,1661,238,1633,2364,2527,8883,1631,1946,1098,3504,920,11601,1800,363,2179,528,2248,4276,610,4135
2022/11/13,4102,4,7829,40,1027,644,246,216,6509,1054,1550,106,7978,28545,853,10084,12938,21383,56862,11048,5515,1167,0,10745,1062,64203,372,13554,62,2203,0,3421,4702,22965,75,333,465,269,2154,1502,2520,300,6526,266,1785,1701,1658,7066,2148,2889,282,2970,82,11836,1381,2776,2320,5134,2135,1818,346,2588
2022/11/20,8010,0,5809,0,338,469,781,515,4122,841,1102,0,8451,29735,558,6439,13060,14173,33325,5647,6989,1456,139,14675,953,106273,1452,11960,211,2229,60,2455,2542,12247,2474,427,421,274,2984,1448,1022,339,7229,141,1131,1833,1098,3440,1870,1919,48,1237,2192,8739,1172,1598,1606,3563,3460,4439,350,487
2022/11/27,7815,0,6776,3,3874,191,165,134,16714,111,470,5,7076,70932,595,7046,12701,21583,41690,6234,5710,936,0,17111,611,102138,123,11707,34,870,0,2166,1957,13322,2324,580,460,126,1646,1329,1412,87,5088,115,262,1841,850,1230,1230,1853,981,5356,122,8044,852,1101,506,3951,5133,2083,1614,2204
2022/12/4,5781,0,6865,0,4691,569,24,77,4491,0,416,5316,7828,17932,830,0,8635,7616,28354,7372,3957,1249,0,33717,675,46908,0,10430,64,1335,0,1850,1545,20857,1798,192,204,69,1414,792,1468,289,5225,110,268,1062,721,8414,1384,1267,1095,3296,396,10180,1194,480,1352,4586,1058,331,1294,51
2022/12/11,1887,0,2414,0,3478,396,25,0,16422,1876,472,1999,3484,22497,389,0,11081,9000,24521,5264,4294,940,0,10707,711,80438,68,11721,51,1401,0,2431,1085,18888,714,403,0,173,1078,723,949,126,4901,53,847,1016,646,2794,1815,888,594,4191,122,6674,1083,582,1336,3190,3640,1718,910,5799
2022/12/18,4684,0,8598,0,3258,615,0,0,3871,1682,262,1766,4590,42326,1411,15,12481,12437,13823,4749,5245,1085,0,18249,1537,67133,163,8595,69,1594,0,1208,1461,5007,56,241,0,98,1688,529,777,90,5695,48,638,40,532,5,1202,2392,89,834,54,307,1724,448,1219,2198,2045,2277,341,6068
2022/12/25,885,0,536,0,203,0,0,0,12,334,432,934,540,3293,389,0,2769,1175,3466,1753,2254,79,0,2031,307,68555,0,39,40,90,0,383,204,1517,17,96,0,260,201,61,112,45,138,0,0,0,130,0,816,632,304,1213,45,13,406,28,233,0,1249,1561,161,4570
2023/1/1,584,0,79,0,447,103,0,0,1,398,282,2413,271,7150,420,3252,5111,1904,2041,436,2007,1,61,4074,118,24137,108,234,8,344,0,702,453,607,0,46,0,46,674,22,554,117,234,0,0,841,93,0,59,39,1265,5453,180,1332,38,0,90,0,330,155,28,1408
2023/1/8,7096,0,10474,251,569,384,0,762,6398,1121,670,473,11454,56081,1505,27285,23418,25085,29268,14824,8165,1565,1174,22861,2965,49613,18,33419,168,4047,1500,4546,3797,11196,106,351,0,261,2235,764,2588,325,20236,181,6044,4340,4432,4583,4667,1659,110,39,307,32020,6416,86,4391,3397,6633,1826,2010,560
2023/1/15,7502,0,3222,258,6641,170,2030,964,7485,625,338,1732,6555,58855,965,14810,16550,15231,27947,4306,9304,1289,152,23836,1163,90658,25,28416,53,2727,509,2945,2258,10267,2280,433,0,599,2610,132,1808,180,12404,108,2280,2407,1540,8127,2325,3063,271,4466,144,30665,2528,4604,2508,4744,2761,560,574,792
2023/1/22,5229,0,4823,72,8392,124,1031,317,5802,530,264,876,6487,25570,279,6174,8751,7281,24419,9733,7166,1172,0,15777,82,74185,30,18200,65,1469,27,3337,1859,10493,1407,697,0,239,3618,2314,1996,100,826,92,1210,1885,699,5534,2432,3086,360,2839,55,7148,834,3763,1357,3015,2150,1635,610,2356
2023/1/29,24170,0,2596,286,2490,1754,553,484,7036,50,375,614,13845,26719,398,6374,7943,9220,37201,6978,4053,726,0,7928,1109,40995,0,8028,27,1259,90,2552,1887,14355,1274,440,0,359,70692,1071,369,472,7218,63,1200,1388,524,3695,642,849,35,1249,358,3663,1117,944,1268,2974,22589,937,176,585
2023/2/5,15444,0,7832,630,8165,1200,2346,1910,11691,898,824,1393,10832,41875,1709,12088,16097,28421,45076,7989,4696,824,0,10420,288,26151,67,22793,243,6656,290,7344,8575,25823,1927,1692,0,213,52997,5060,2812,568,9304,261,2250,3510,3580,11937,26038,1992,179,2000,960,23375,1203,3334,2581,5889,12251,3487,1319,2565
2023/2/12,14574,0,8746,388,19482,2126,3130,2969,29627,616,1255,1377,10135,103384,2287,23548,35062,51589,76459,27350,8029,265,0,16862,316,118906,1714,41923,159,9083,732,14821,11368,44872,1278,559,0,356,36367,5711,1970,366,17129,482,4214,4921,5178,11833,12846,3036,549,1685,495,17825,5300,5376,5915,6973,14690,2536,1641,4240
2023/2/19,8267,0,6935,267,17322,2173,4743,1801,24187,3010,1509,88,11098,151656,676,27454,35586,50777,111262,25938,6319,3367,0,16958,548,28506,1427,76324,38,18649,444,12371,15739,59715,3489,1565,0,195,29197,1285,20,487,37283,107,4918,8218,4144,4379,4995,3071,803,3945,176,38903,5818,2405,6947,6138,12074,5780,3125,2869
2023/2/26,12836,0,6633,222,13220,4213,4963,3751,11136,5648,2681,0,8744,35062,810,14101,15028,23902,50031,20642,12444,1952,0,36520,123,121749,929,40549,248,9944,363,31979,15648,26432,3855,1575,0,977,42768,15249,0,396,13867,183,3170,9616,3126,22139,23651,4390,685,2130,171,17476,4400,13045,5059,5628,19282,2523,2310,663
2023/3/5,10529,0,7716,809,22293,5408,4560,10357,22698,1793,440,29,10493,47759,1288,15712,44686,67430,62591,22878,15372,1159,0,20423,411,99661,1263,60788,107,9717,162,25048,33240,41260,2364,313,0,80,55285,10569,0,727,22108,45,2740,11473,15055,11368,19810,9771,505,1864,1525,28598,3875,51331,13170,9736,14244,3771,2718,1968
2023/3/12,8668,0,11694,365,4892,2452,7507,2745,26275,209,126,9607,9695,52803,3060,23629,62052,56601,90469,20009,17094,49,0,14242,66,74309,1068,33418,112,13627,34,37214,21503,59321,421,217,0,61,38419,2085,0,597,25514,405,3635,42334,5617,4642,2317,7594,870,7125,725,36887,3689,5956,6702,10646,3167,10497,684,5565
2023/3/19,4816,0,11571,660,27924,2223,8733,740,15728,9437,138,727,16819,47763,1327,19403,26847,61912,111431,13324,13168,3209,400,19929,6560,51633,1620,42933,142,10275,0,23138,22093,36403,9237,65,7710,27,36365,18331,0,1177,13968,181,4081,26167,13997,39699,17948,6352,1,3855,1776,35555,4551,17995,13553,11124,12285,5640,577,1332
2023/3/26,18066,0,1679,387,3665,1987,4100,6210,13501,1854,4970,1735,10873,48351,2443,14267,40090,33307,45102,34192,7394,2164,229,8182,2639,122343,1076,28317,135,6392,0,16863,16383,30868,3068,3059,2542,229,18114,5915,0,322,13613,108,2113,4915,4073,30917,27871,9010,2075,267,661,11774,1624,20139,7826,5933,16152,5540,2825,13036
2023/4/2,1372,0,16107,414,16387,2361,2200,2631,8213,1001,2450,1022,16401,51801,716,14179,21951,22838,34764,4398,14421,1512,253,28560,1386,48552,1665,36104,211,6633,0,8775,8341,23171,558,3066,186,259,14348,14237,0,756,4709,234,2918,21671,4080,22072,2144,3449,476,683,891,17130,3143,52662,3540,3247,1253,5525,1113,2548
2023/4/9,16110,0,10898,558,17025,4758,6645,4854,22501,3652,486,2725,6372,77543,993,21310,48641,44000,103382,34286,4568,1891,18,7026,314,44563,837,55379,43,10375,0,18662,9609,56082,936,432,1726,693,9284,18189,0,642,25268,97,6936,24160,7967,4731,14904,4877,170,3438,1104,33976,4329,6328,3998,6183,20755,6099,1162,3564
2023/4/16,4710,0,13335,15,29126,6219,6058,6202,13674,2911,2594,3055,12387,103748,3028,34144,34351,58741,95246,10808,13477,3205,57,12791,1891,67079,944,97957,282,17054,6,19157,23746,52816,876,1868,2374,1193,38510,18728,0,501,26791,0,9320,10141,14251,18726,4503,3528,996,3542,1617,38826,5303,2072,5919,7019,15439,5994,1417,3793
2023/4/23,10300,0,6514,839,15598,3558,7842,3919,34002,3715,1737,1071,12672,77449,2036,25180,40645,74704,108411,16449,11759,3088,102,11676,1050,81538,2803,64266,902,11930,2772,31629,53069,72067,5211,1365,423,2142,20520,12249,0,1433,12525,0,9292,33746,11970,27977,9656,2678,58,1777,1374,18872,3462,18324,6152,6974,15917,6634,3637,8597
2023/4/30,17806,0,12775,399,25305,3696,1293,3538,11929,1957,1218,2489,19816,94627,2541,21445,43003,61134,101978,20386,13130,210,53,8739,971,106522,2007,77606,416,14626,572,22940,25495,74717,5627,593,1725,532,19492,15643,0,1298,46875,0,8258,14123,4185,28650,5994,4285,49,1202,1310,41789,3362,7643,21478,8516,5271,12028,3110,4340
2023/5/7,19080,0,13137,411,8502,3736,11921,2484,26215,1457,174,1251,5922,53981,1424,12659,24788,56594,65138,21804,4828,3690,72,35305,365,125620,836,33081,31,6462,1157,10185,17586,41927,1016,330,1331,268,16018,9477,0,592,27632,0,6142,5290,7504,14893,25413,5839,1202,476,687,17623,3908,3902,7532,8871,28085,2835,1482,864
2023/5/14,8918,0,2098,857,18442,3129,7986,1531,30819,415,422,2395,16127,90614,2482,23653,43484,78784,91576,21724,209,682,70,14574,3525,48734,2518,67981,1070,12284,829,22223,32993,68737,2838,812,361,2318,20683,11541,0,1182,35272,0,7937,17565,5448,17669,15022,3228,656,1942,1480,33605,4471,6649,5030,14385,16876,1242,1988,1726
2023/5/21,4254,0,10997,868,31622,4819,6482,8590,30369,5413,2910,1094,13973,154654,1647,14545,40595,85807,124788,12131,21344,1512,133,14318,2514,116060,2349,117749,1136,14671,760,21308,39722,92104,5021,4318,3750,665,26036,15904,0,967,58790,0,7508,5835,9524,22861,9629,6041,33,617,919,61653,6539,6734,13624,13993,29177,7195,1183,3208
2023/5/28,12947,0,13049,1064,33848,3909,4028,12923,21583,1200,1387,291,15798,130021,2137,25943,34573,97908,74801,22701,10823,2183,0,33020,1045,91394,2731,87700,723,12489,1746,12705,39843,58147,1563,1353,1206,761,18404,17335,7820,1074,43037,0,9318,9884,21491,24387,3266,5426,728,3064,846,55274,4363,3588,22429,7378,24126,4230,1266,2919
2023/6/4,5271,0,4471,742,18431,3438,4396,10926,15060,365,2715,269,24448,94047,1668,27137,28183,78704,41692,3891,3954,2583,0,10501,1872,79289,2366,64136,395,12753,657,20069,33247,33344,206,1194,3223,1853,14202,9357,14668,742,65558,0,3717,14037,29518,12781,22012,2436,135,3064,1615,41769,3882,6280,12213,6556,10004,3550,895,1388
2023/6/11,5871,1316,18696,783,20669,2926,5985,3152,25027,821,833,2650,21370,144337,2952,32758,45840,121329,80742,19132,19600,2470,327,27698,378,141879,1520,132035,501,21297,409,27980,49902,62914,1321,1361,79,216,22190,19501,21429,1082,105179,0,13722,22113,12028,19803,3284,2845,617,1421,1845,87241,6455,7838,17860,12434,24575,3364,1359,4377
2023/6/18,6296,227,5427,997,3157,4669,5606,11117,19248,5683,1592,1636,14636,124052,2083,24345,37414,67405,96271,16575,4343,3036,873,18831,2691,113334,2674,68881,495,11886,707,21406,38701,57991,3594,1579,2,544,17176,10873,21751,1760,15848,0,7051,13227,24888,16595,9325,3438,668,749,2055,38304,4187,5668,12190,9742,4944,4896,1042,2474
2023/6/25,2348,529,8990,944,22700,6237,4779,13866,27667,3397,1315,1555,27379,75658,1485,30674,44913,64606,97337,10305,13550,2377,104,38823,3710,120202,1611,77054,314,18242,371,22231,32959,82577,1702,941,0,326,28186,18890,24045,952,23626,0,10674,14851,16974,20897,1672,2359,227,1160,1493,45769,7643,14529,24162,9382,29885,2177,1400,918
2023/7/2,7575,102,5825,592,19864,1787,5283,10083,21891,658,1225,2772,19611,113364,803,26327,38016,72471,71239,10396,6150,1609,84,13419,954,69638,1920,66317,204,12056,16,16140,44261,51273,956,515,1305,284,10584,9665,10719,921,14081,0,10130,29349,12495,28141,2677,1616,301,1057,1255,42774,4586,7186,10682,8309,11600,1114,610,2792
2023/7/9,3222,13,3055,701,19776,6849,4038,2019,19119,415,387,1557,20455,67513,2340,27349,32402,65264,74121,7762,8840,2902,0,10699,600,81698,1449,60419,60,13368,0,15038,24333,46223,1235,486,634,342,21397,16545,14303,945,19412,0,15021,12656,15127,21967,1347,4832,342,482,720,28918,5468,5285,4964,8254,2927,3219,631,1945
2023/7/16,2394,15,1299,348,13756,3862,1445,5527,7354,3004,208,302,3764,44077,611,10839,15685,43115,34152,2557,5121,1252,0,19385,158,96115,1104,23209,106,6696,1101,6205,11602,16836,309,191,250,3085,10359,8766,5058,315,14295,0,8945,3359,6064,7595,1826,2414,416,3049,0,24081,2620,2579,5043,6208,4494,690,499,883
2023/7/23,9244,127,10932,450,24588,3239,2437,5702,10133,2922,624,2051,15909,125170,1969,18469,29687,51703,68345,10230,6483,575,0,9601,100,32658,1629,86684,6,8639,610,15415,20626,51609,623,328,1197,582,11447,10726,5657,423,35671,0,7533,5524,9703,13695,569,2848,973,1934,589,56814,3335,795,7675,5339,3035,1017,310,3063
2023/7/30,2901,127,4019,808,25335,2290,4034,7504,10802,648,596,2044,20015,97102,613,22678,42268,56833,57665,4065,9166,2375,0,31672,190,108697,1347,65422,0,11548,1341,17805,27677,31024,374,327,4535,4250,16650,13819,14598,1372,26755,0,6905,6626,9747,9507,3106,2261,10,1851,2474,41045,3756,4987,9847,4179,1936,3928,845,4329
2023/8/6,4964,344,5778,880,9551,2420,3600,3988,13443,1945,806,1667,14601,66707,929,16564,33329,48974,51337,9434,5946,1485,0,14140,456,109335,1790,50821,0,8613,384,15137,24188,33632,1892,1170,997,625,15137,8468,2582,1278,15382,0,4277,6028,6727,9624,1346,2494,801,1960,1477,18114,3131,4690,6319,6536,2049,3386,585,4620
2023/8/13,5481,25,6999,573,6586,2404,3428,5928,11595,1228,1227,3596,18290,100349,4046,21650,36063,69539,50262,6973,9350,1926,0,11543,30,96429,1291,64511,14,11197,100,14508,29022,34312,624,1106,772,321,13859,14240,3105,1141,27360,0,4547,6320,11535,8416,1259,776,1116,742,1333,27195,3171,3192,8400,7705,3779,3262,774,764
2023/8/20,7696,25,2306,552,12192,2551,875,6012,11506,960,345,2109,15369,24895,2369,15440,35635,62726,62315,2769,643,229,0,24813,166,98840,1567,39215,12,10385,672,13602,25955,36708,584,327,1720,200,12813,6673,6110,1081,10117,0,7810,8158,11917,11425,1782,900,45,1501,1251,14595,3267,1195,7271,7080,5223,1101,495,220
2023/8/27,3838,899,303,44,13806,3302,2890,6660,13757,1931,1293,2351,18293,68689,2329,18870,26267,67644,65954,15109,5797,15,0,10858,6226,48249,993,40976,837,6710,466,19759,24329,47836,2176,1351,1444,3040,14449,8989,8684,331,30004,0,7186,5747,13405,12501,3107,1662,196,1373,802,18557,4619,4639,8382,7820,3250,2406,727,4840
2023/9/3,1588,1196,7763,856,2468,1766,5385,6952,13088,111,1106,573,12217,103690,1919,19168,32434,86967,64172,11548,13314,8330,0,15121,0,45806,2500,47087,174,10620,2263,17820,37633,37528,606,2396,0,290,7520,6587,22961,1339,26797,0,5113,6109,9503,11598,2700,4598,1380,4417,1022,22404,2469,5808,8741,3153,1823,5133,690,689
2023/9/10,9811,603,13613,712,2637,3758,5613,7667,12131,149,1158,936,11446,103448,1709,21457,35902,78415,80773,13952,17684,578,0,15564,105,92868,1375,86639,177,12981,953,21020,31140,53676,1393,1403,0,1605,20173,12229,19147,1345,22289,0,5928,5232,12183,14765,1051,1621,1261,1884,0,29142,3483,2452,10344,11215,7201,6486,1678,631
2023/9/17,10619,493,9591,1578,40389,2749,4598,5763,32829,3411,710,5265,32398,75089,775,24014,31316,66109,89284,10831,14513,1306,0,15936,0,77697,2514,79243,296,10280,1235,12657,25085,49063,554,651,838,397,12189,5248,9976,1725,11263,0,5557,7891,11187,9269,2590,3796,675,2287,22,31579,3263,3983,7467,9723,3627,2632,833,4165
2023/9/24,5989,118,9111,415,25876,1417,3209,3748,10209,1126,1025,674,19183,67348,1214,14117,28576,50472,34531,7920,6627,37,0,18526,5955,106350,892,52141,268,5722,495,10192,16419,20568,3521,1378,5666,587,8148,6239,1591,378,24706,562,5269,5762,7368,11802,1702,2065,476,3822,10,34041,2678,4818,6981,9646,4581,4503,955,4348
2023/10/1,5612,56,4033,645,17265,1453,2455,3564,14328,649,420,1922,15482,98474,2685,20607,33081,73640,40208,8249,12103,6558,0,28609,244,120415,1509,70429,165,7727,474,12764,19972,30707,2118,1019,2197,403,10611,6798,6965,1358,28810,255,3894,5203,7524,13344,2432,841,628,1544,15,30418,2272,3686,8594,11192,4851,557,1230,2315
2023/10/8,5126,258,7535,920,8529,918,2491,1043,7850,757,407,1666,21015,48739,1913,11513,23689,50062,30878,4369,6569,2611,0,13996,1193,61055,1612,29781,155,4797,830,6343,9810,17153,947,2600,985,289,7059,2663,5854,1419,13653,267,2908,3684,3625,5203,334,213,661,1282,3599,12845,1339,3581,3781,4499,1407,3540,1527,1166
2023/10/15,7674,98,8417,136,20923,425,1845,3049,15137,1557,3169,1882,21002,142531,1718,15245,25092,48168,85756,4662,11995,1626,0,18957,367,53678,461,69367,282,3670,678,7574,13410,27784,998,1141,1535,150,8075,3900,4088,290,29071,48,2685,3896,6198,10159,2214,4134,731,4862,1045,40786,1555,3302,4053,7697,529,3401,665,4448
2023/10/22,3775,65,10079,520,7232,140,549,927,4303,1504,863,1004,12644,78448,631,8095,14416,28997,28406,5220,11089,3460,0,12137,81,53633,723,30700,85,1642,183,4776,5219,6586,242,97,2279,1952,4014,1634,1842,1019,11361,6,1760,2937,2608,3283,767,922,291,1723,1134,19199,870,2474,2902,2895,4135,68,701,1493
2023/10/29,3878,74,2846,117,4382,177,428,1007,9533,1295,1348,921,11186,35652,1485,9498,16425,25861,69334,7470,6971,1712,0,33059,11,69156,351,17758,105,2508,117,3681,4775,16631,521,85,1581,231,3005,2315,894,243,8130,5,1713,2345,2416,6861,2115,501,892,1039,522,5787,1440,2549,2277,9751,2370,4847,613,3883
2023/11/5,6497,100,7001,264,3654,290,138,682,4524,1960,594,2714,13684,59317,1042,6665,15603,25157,13186,8622,9381,1681,0,14935,11,62199,443,20401,116,1524,351,3579,3825,6127,1980,2337,473,1969,2450,1906,895,790,9289,0,1081,2050,1146,2580,1879,2359,394,2295,631,8710,570,2023,2449,2136,4067,5028,549,779
2023/11/12,3255,226,10172,0,574,459,75,553,4526,250,344,2667,9779,28647,306,11583,22284,32768,24972,6117,4383,1119,459,10546,26,44031,81,8682,0,1167,120,3155,3618,6747,1074,529,966,181,2336,816,1788,99,2395,0,938,1466,390,2399,2040,1030,479,2843,99,4032,326,2181,2626,984,2241,1353,334,4510
2023/11/19,5036,407,4473,127,1287,855,776,1757,10164,325,1342,3869,10452,52359,720,5355,17142,25562,40355,9002,8584,1377,880,19730,2581,137967,342,20924,81,1722,324,3173,2785,20399,1901,958,518,285,2912,1771,1760,378,2938,0,1376,335,993,2878,1947,719,333,4608,910,5772,1030,1234,1923,2643,2478,1795,621,4357
2023/11/26,4162,13,4774,0,11138,460,1783,2216,20631,2058,453,3230,6897,65418,1555,11442,26528,44039,46313,10052,8979,816,49,55346,906,64703,388,19051,166,2243,248,3466,7276,26886,1585,725,1075,138,2609,1919,2278,287,12354,0,1519,208,3740,9845,682,1784,841,1245,637,4344,420,1338,4848,4838,1213,3966,813,274
2023/12/3,5182,4,3462,136,1703,458,379,723,3790,2704,603,1826,6359,10206,972,7131,6047,7975,17162,6188,7521,679,0,29939,130,68989,64,5523,64,781,371,1078,1473,5567,545,1235,355,166,718,536,554,183,3839,0,856,2072,288,3612,1416,2526,613,4904,162,4070,600,2873,1456,2381,4146,3585,277,3627
2023/12/10,4746,283,11869,0,4268,529,418,431,13704,828,2734,2399,6699,23942,689,6412,7596,17708,29514,9713,6819,1154,0,24955,607,110095,122,15215,0,1019,315,1483,3673,15240,986,2941,450,370,1889,2109,818,17,6028,0,978,2722,279,5090,4320,4753,189,4502,117,2908,235,2284,2249,3499,1281,960,219,7026
2023/12/17,2352,1072,9671,0,2212,547,372,44,2490,13,459,1466,5264,20887,56,5308,9991,8403,12253,9773,8068,2896,0,18115,15,54789,195,11505,12,446,181,932,780,3487,1554,1017,493,782,898,384,561,42,3341,0,718,2502,153,581,1918,414,1761,5040,57,6,160,1502,244,1246,2131,1053,15,2013
2023/12/24,1936,374,4645,0,342,898,71,11,277,1978,661,4575,2853,1850,324,954,8381,1921,1768,7262,7780,2217,0,1424,314,36181,0,838,20,10,55,2597,251,900,1180,1722,111,127,54,723,30,0,417,0,86,1094,0,127,1711,2506,923,5808,0,0,30,1522,66,245,1772,5066,192,1901
2023/12/31,6918,267,6577,0,27,532,0,0,284,990,1215,222,0,473,48,160,4147,366,1247,1464,6447,121,0,791,0,11233,0,284,0,58,0,1355,174,705,421,1154,0,172,72,394,10,0,90,0,48,798,0,126,355,1016,1328,15,0,0,20,639,0,101,697,755,263,2162
2024/1/7,2997,0,1183,0,15935,530,256,958,2046,1406,708,1246,15592,123374,2586,26686,30534,32593,29807,8391,5498,5168,0,14959,190,72464,429,66902,63,4036,0,6468,6798,7915,1517,111,750,108,4507,259,5458,25,29958,0,5821,4181,3111,5808,1426,3388,687,10,85,53785,994,4636,7343,3303,1991,1244,1062,3613
2024/1/14,961,0,10603,0,2619,953,2454,374,2519,882,1038,4460,8557,27303,674,12492,19256,18760,30375,9982,9560,27,0,29987,70,104694,183,28778,92,3591,0,4988,2496,11481,1199,270,4257,129,2079,4456,3601,16,25886,0,7245,4533,6885,6885,3094,3476,610,11648,12,39025,3312,4342,3203,876,3484,1538,963,1712
2024/1/21,442,0,6302,0,5332,483,849,231,6546,529,1910,2530,1467,46069,0,12147,8581,8118,9133,6551,10428,5280,0,12405,0,66668,108,22674,36,2957,329,2684,1415,6824,507,92,2383,91,1659,7430,5860,0,14675,0,3123,1964,1584,4643,2039,1457,134,544,0,17444,1673,1653,1394,1478,1516,6354,1280,6578
2024/1/28,8999,0,3441,0,5951,1136,1013,275,8680,2744,1003,1785,6720,6787,1828,4570,10682,22786,26426,5575,7838,5181,0,6835,8230,35290,351,3342,27,1969,402,3648,2982,8408,2344,4532,1255,30,1122,2705,2318,50,5156,0,8954,1832,1666,3723,883,712,0,2805,0,6126,1480,2234,2838,5565,3038,1033,924,1310
2024/2/4,5133,0,4347,0,12081,1053,2209,556,13892,1517,1950,1534,6927,67469,969,12028,18156,22413,44677,10170,7547,326,0,15010,688,54128,172,31923,102,4371,794,7169,5056,17873,1429,1254,229,661,2494,3760,3682,761,19558,60,1339,3600,1779,8499,2617,245,0,1329,1176,22749,1050,4639,2239,2615,2151,3222,657,529
2024/2/11,8431,2218,8669,0,26740,1475,1669,1003,13138,4182,2832,2519,7582,144124,570,15381,20694,24182,42138,11692,13988,43,0,24996,249,101351,225,72277,670,4477,218,8910,8909,23601,3159,1761,887,329,7222,6471,4693,1358,51840,57,3420,3544,3745,9793,5965,9654,2260,7496,1998,36661,4046,14549,4226,10472,2890,1958,1881,342
2024/2/18,5688,98,12289,0,11377,1665,2155,4627,23114,885,1731,4625,10165,48232,1134,22481,30867,44302,81371,10557,15173,0,24,22626,108,49920,181,36334,78,8055,137,9159,14163,43105,406,534,2344,601,11048,7334,8315,1071,15102,24,4912,14615,7988,7035,870,2115,2716,9219,837,18552,1823,5586,7053,7414,4890,344,394,5441
2024/2/25,4103,99,11282,853,10289,2121,4687,1667,20009,1924,1581,887,9339,50565,1318,9891,26441,40978,67860,11975,14522,23,162,23192,561,93534,354,28022,144,6645,726,15945,18374,35854,2591,3202,2028,494,10374,6596,5740,602,13610,88,3390,11198,2397,17925,3598,1518,2854,1208,1130,16209,1686,4935,3781,9344,4836,4390,1474,3684
2024/3/3,6842,109,5917,551,25432,1361,2676,705,24573,3341,2749,443,11837,115202,1823,15815,18868,31336,52547,13678,30772,2,438,13448,1211,80271,563,74132,45,8700,146,11200,13011,32210,4553,1257,1820,392,8478,6368,8325,588,35816,207,5791,5201,7245,3954,707,6422,2204,8800,469,35049,4099,2051,3790,9077,5862,11595,762,6314
2024/3/10,3869,2334,17423,238,12029,751,3518,1233,25242,2698,2492,101,6462,21058,643,12590,24795,39427,55808,15904,14348,7761,36,22948,265,102722,298,17657,63,8430,551,9322,10081,31569,3004,1837,952,226,10871,9394,9743,396,9173,168,1700,13444,5869,17838,1039,2622,1319,3327,570,16197,4720,3287,5173,7402,2798,78,1099,8555
2024/3/17,1030,880,19332,202,19657,198,7070,558,30437,2289,4998,9045,7329,70942,737,31321,71598,28094,57163,7211,10396,3678,42,14350,2440,59948,2531,53871,108,19826,493,24257,12578,31510,2412,294,955,409,35566,14651,17889,639,19815,155,4201,11391,4914,14943,8779,15348,1870,3583,768,23148,6551,9749,4885,9862,10103,22331,657,4875
2024/3/24,8876,546,4055,238,22235,4727,16263,780,28472,6530,2618,5952,10120,111810,1102,46248,117924,24810,93431,18913,12329,4418,132,6720,1681,70923,91,81452,931,27837,374,55583,14105,51368,5166,9149,603,411,15865,14587,18407,756,30587,153,14022,14630,2648,5238,8060,4340,1628,3271,800,23854,5825,2718,5729,6695,9635,17660,1646,6093
2024/3/31,6743,369,2991,527,25025,4031,878,1413,7297,1476,1508,1062,10706,100991,1359,18952,32593,68686,68368,6234,11709,3554,136,10510,1650,40691,283,59932,72,10490,0,15164,24527,40909,3923,217,4099,303,27530,9493,19423,408,17410,209,2581,11755,7434,19891,2803,2379,537,1719,651,22546,2080,18586,6334,3887,1260,1946,461,2935
2024/4/7,12773,245,17509,210,21231,4817,48,1242,23623,5453,1420,2075,12255,204521,833,17198,43011,73516,122475,18834,17736,1668,373,4716,2033,92750,399,132715,366,7687,13,19660,37782,76411,4113,306,6302,434,43837,13710,6195,858,64489,201,1706,19528,17875,18279,5846,5852,928,2882,513,49296,2600,15118,8606,28396,6218,2860,614,2434
2024/4/14,10367,610,19530,338,19648,2870,12591,2510,48298,2339,8230,3560,11096,167323,1898,9493,35699,77285,104297,9612,17607,4886,41,18048,684,105671,706,88917,294,7014,2390,13152,40230,61204,2426,2915,1662,201,18532,19539,66134,451,40478,198,9078,20107,29246,29722,5372,10491,309,2214,443,37841,4091,4976,25996,10915,6969,10407,816,5041
2024/4/21,5412,256,17653,453,44170,1755,22050,18264,42147,7344,1135,3006,13762,82030,1681,7656,13970,81203,109491,14836,15334,4555,0,16693,1917,115987,1500,68759,119,4637,1370,10567,33122,92263,5283,2838,329,214,11884,21772,15607,1108,22522,48,6077,26716,19875,43867,2702,2748,24,815,1115,47762,2101,8809,18769,45588,3097,5149,359,906
2024/4/28,7962,278,8722,442,22152,5286,7688,4732,53919,7313,1625,2509,14010,117043,945,13001,14524,58501,141250,22684,15088,1104,0,24900,3835,110761,829,117293,266,8103,1023,7195,31375,92523,4348,2170,15,884,17939,23988,40059,469,48271,269,9472,7572,17677,31063,11920,5787,2758,2741,1036,37649,4161,15769,10555,29658,5380,6283,4058,7800
2024/5/5,8967,930,12185,622,52026,5040,2486,6817,54850,5355,1979,3866,12923,160929,1696,14880,34901,109504,125543,9288,15038,6448,0,2864,2405,32541,1068,141030,560,11650,1018,24787,42138,72264,987,1793,0,3187,34228,22511,34793,897,68742,324,9740,14019,21471,57282,3382,4168,5290,4437,810,76238,3055,23002,10929,49993,3195,7487,1033,2112
2024/5/12,6236,616,23840,573,30261,6607,203,37989,41763,4769,3619,7405,15916,56376,2399,21521,43107,93605,88845,15011,23307,3419,0,43274,3291,110592,832,52697,301,13318,0,32842,47842,75858,840,914,8273,1559,40740,21929,47868,749,34123,331,8110,30873,77974,60280,3832,9743,857,125,844,22206,3090,9189,23345,43659,5377,8754,802,10546
2024/5/19,12177,218,7726,449,37582,5713,23811,5030,70277,2180,2401,841,11220,189030,1412,31418,31913,105905,124294,27853,20254,292,0,4222,195,66980,811,100051,208,15041,4158,27939,56272,85917,551,208,5176,602,35996,24165,37161,674,49915,226,11541,2176,27621,68723,2633,4865,582,1,653,70912,4524,5999,18588,82409,7325,6025,403,2452
2024/5/26,9624,265,28690,626,17648,5801,1517,1797,50858,538,1449,4561,12005,74169,977,17740,46193,107097,141497,23183,21976,5892,953,3412,9720,123132,1230,64454,416,17309,1466,31073,71679,125728,353,124,3343,3136,26224,28780,32394,857,71805,325,8589,6418,60191,56090,4948,1351,1577,12396,649,27263,4330,6630,36731,30237,5806,5308,520,4442
2024/6/2,5871,142,9275,320,32358,1653,139,10387,40373,5663,741,2278,10493,93070,2319,16423,23456,64975,88819,8717,17615,2816,38,27318,1778,107936,750,109860,425,15686,945,13886,19563,82810,3739,3480,300,1132,17949,4719,59593,347,40587,130,6843,7849,5063,41382,3530,7485,401,2767,800,36492,4385,4908,13222,19009,7814,6141,455,3603
